N,r,sigma,x0_0,y0_0,alpha_0,x0_1,y0_1,alpha_1,x0_2,y0_2,alpha_2,x0_3,y0_3,alpha_3,x0_4,y0_4,alpha_4,x0_5,y0_5,alpha_5,x0_6,y0_6,alpha_6,x0_7,y0_7,alpha_7
357.3950462177632,77.92310523940435,0.09136876898911682,80.0972303976244,136.37242980218937,3.7378970263669893,80.10947514225006,136.47386849533157,3.7413259707906183,80.23611783247335,136.20646491265717,3.7426869215063308,79.85262208853244,136.29008700496868,3.748811339335101,80.5051360862848,136.4701706642767,3.740063985634197,80.50822098153097,136.48871605000747,3.7396558923710645,80.6149548066353,136.18982579633882,3.745741917782794,80.76985240050045,136.04659543404173,3.742506358034147
357.39503660875283,77.92311951243185,0.09136657801697716,80.0972344479672,136.3724323354741,3.73791094218787,80.1094790201385,136.4738617396077,3.741574358781024,80.23611878528885,136.20648204023124,3.7421671259968714,79.85260538459274,136.2900181960467,3.7487770827979676,80.50513256850215,136.47018526465345,3.7400690194973825,80.5082235681339,136.48874343817906,3.7404546063368924,80.61496349857978,136.18984191355054,3.746795703248501,80.76985516323788,136.0465951478441,3.742780376887634
357.39562845371,77.9317442355283,0.08342077164406503,80.09653647552945,136.3719590536952,3.7378822468933137,80.10559760759912,136.46986288747033,3.741040477909455,80.23331672686317,136.20123648532046,3.742765349160845,79.85692230940644,136.29470872516825,3.7490491703851387,80.50578709813482,136.4675184902378,3.740058910690434,80.50912875284303,136.48561433988255,3.7404673095214194,80.61540344891917,136.18855105153204,3.7478263718368003,80.76893144493265,136.04947695963494,3.74279116200549
357.39531516861246,77.9226803116896,0.08705330244812859,80.09714267120863,136.3723702897398,3.7378951518935835,80.1089810521745,136.47341246972033,3.741219188886164,80.23607370025398,136.20632832577868,3.742936146374901,79.8529885093662,136.2904286975156,3.7492270714132703,80.50521549143035,136.46984721821468,3.7400641968608865,80.5083706210187,136.4882074342103,3.739650738441791,80.61504111278383,136.1895779007913,3.7457565619624575,80.76959656509341,136.04736410041068,3.743362712777219
357.39410547786895,77.92779347673809,0.08668602451236558,80.09587272328037,136.37150819642858,3.7379052641744877,80.09999547800932,136.46402331263175,3.7412466433462828,80.23981546301587,136.21111555721717,3.742516782949032,79.85884653805765,136.30962831946317,3.7492078559171462,80.50634673047868,136.46523767551128,3.740037584863233,80.50993208308853,136.48283280714875,3.740462251087128,80.61606761199309,136.18659993428454,3.7467815140049634,80.76950512476385,136.04982423857587,3.7423532258440493
357.4018456301464,77.91632009301465,0.08031456166184121,80.09480356219706,136.3707832732967,3.7378578364495696,80.08661440292987,136.45072635341762,3.7403631543200646,80.24221850370157,136.21765656452098,3.7425597528825922,79.86128208110964,136.29535197286825,3.7492835853319098,80.50717281880486,136.46187525790472,3.740087039834559,80.51118897173279,136.47847434528003,3.740490483130165,80.61691792073412,136.18410142301417,3.7467883328431326,80.76534362666423,136.06238714669996,3.742752084800141
357.39692666606203,77.9164690977921,0.08795150270187428,80.09653025285174,136.3719545323896,3.7379014711808596,80.1074913903851,136.47125439362358,3.7411007695074554,80.23431924111668,136.20356159544332,3.7428111234621846,79.85330792032498,136.29468374889484,3.748988043396728,80.50575373834307,136.46765500762035,3.7400705579953692,80.50911873733848,136.48564541481971,3.7404812219916623,80.6155389771812,136.18815243359757,3.74680319292299,80.76702636332185,136.05420590703258,3.7438429120979135
357.3962618039354,77.92197883123887,0.08368389527378517,80.09536598571079,136.37116310817214,3.737979859588543,80.10037886176752,136.46414005654734,3.741250607196014,80.23820309371182,136.21121050652303,3.7428658860008257,79.85548852501401,136.29321322315892,3.7487613510556543,80.50674957502349,136.46359812589122,3.74006444424398,80.51053779368235,136.48073361608738,3.740483571871467,80.61647282511206,136.18540847651067,3.7467599279204236,80.76242475946319,136.067344578453,3.7426200354944243
357.39512032906873,77.9232074813218,0.08636455693431268,80.09715198626577,136.37237763046767,3.737829465458781,80.1092557153927,136.47361278316504,3.741909388533546,80.2361331434302,136.2064314957041,3.742981004824758,79.85285652346354,136.290799687865,3.7487715012565492,80.50520645279133,136.4698827655392,3.7400405475938507,80.50830229562746,136.48849889477503,3.7412708977291165,80.61503048422793,136.18964439955798,3.746774102613444,80.76991650339926,136.0465491920319,3.742673341406599
357.4021145965151,77.90626010030061,0.0891192357470382,80.09248831752866,136.36921112480385,3.7379061313475606,80.08399831279473,136.45010652476628,3.740612980111927,80.23451397558657,136.20279624274636,3.7431591334212833,79.86896774532943,136.28144310715075,3.7488226190590903,80.50874173213276,136.45548413460597,3.7400843085340862,80.51379709661518,136.469403684279,3.740489762037495,80.61802325242638,136.1806139005069,3.747833818674937,80.74116419290861,136.121923142087,3.743346913309614
357.4086589798975,77.91237999743123,0.08880485521278801,80.09219467170196,136.36901199413705,3.7378950260966084,80.09700456525658,136.46826116233882,3.7412015582659532,80.22069442686207,136.1784526001295,3.7429574153916225,79.87061050606583,136.2817923039861,3.74848513397871,80.50940298834166,136.45279184391768,3.740109250395173,80.51626310350916,136.46138708376867,3.739703638562675,80.61902580554833,136.17791233191772,3.74681814013465,80.74799671436391,136.10645437223727,3.7435476058075685
357.39600985689515,77.92879563914461,0.08288536367048677,80.0967538010647,136.3721062989888,3.737898865150109,80.10588666943035,136.4693177164354,3.741289136569293,80.23639115273394,136.20695125497048,3.742550440452749,79.85530537314852,136.28918633643443,3.749481538891095,80.50558314852194,136.4683497710991,3.7400680469591645,80.50863348428345,136.48730652032123,3.7412750323200896,80.61527029818474,136.18895387965108,3.7478119376742867,80.76991279718102,136.0470989176451,3.74313860430061
357.39541950598135,77.92493797881049,0.08149670445967958,80.09624105544898,136.37175855115677,3.7378819868378805,80.10228262943417,136.4669356182287,3.7408766395524284,80.23379923940435,136.20235611499228,3.7421233477284765,79.85427530359866,136.30690710768127,3.748723605688517,80.50603428700306,136.46651162512512,3.7400600450401176,80.50949932680251,136.48420982477833,3.73978338858259,80.61559082549184,136.18798280069115,3.747813212229594,80.76836034276374,136.05181951140602,3.7422314626850284
357.3990316610276,77.91567554509712,0.09182746241477838,80.0955508234632,136.37128927325662,3.7379338927029973,80.09231978426273,136.45488089566265,3.740753107783689,80.24122892186108,136.213434058461,3.742438657546274,79.86127938546345,136.29583443981727,3.7488619050069563,80.50663238235501,136.46407687820633,3.74008979600599,80.51036317692221,136.48133828603846,3.7404622140341717,80.61658942733227,136.18512090412128,3.7457686245088864,80.763734791594,136.06604222083888,3.7432699692584586
357.39504409084964,77.92310767668532,0.0914145084807987,80.0972316961189,136.37243064663605,3.7378994040772153,80.10945136685436,136.473842115093,3.741052195380931,80.23611594897902,136.20646369133306,3.7427320902499597,79.85262624804146,136.29001415409022,3.748952827545371,80.50513493618251,136.4701753996057,3.740064922602039,80.50822716587342,136.48873155387705,3.74046687741729,80.61497747969817,136.18984165442862,3.7478264910258163,80.76984944914274,136.04662812095563,3.7431531421366864
357.3966896806037,77.9231316990502,0.08596509090280156,80.09632493649937,136.37181543906132,3.7378847926362155,80.10535154544694,136.47096265280695,3.741058140187539,80.2349089848542,136.20381181134786,3.7425340648888703,79.85435916220334,136.30499636381057,3.7488965709338102,80.50595392004237,136.46683929998758,3.740065615630717,80.50899710027484,136.48599796069138,3.741286090006275,80.61570780798816,136.18765670731946,3.746793212980075,80.77251492752113,136.04145496873687,3.7420936745287516
357.39504361751403,77.9231122716702,0.09135251698047325,80.09723226891364,136.37243100635914,3.737901277300058,80.10947353779724,136.47385741099382,3.74156668506498,80.2361260573918,136.20649180639037,3.74232251920349,79.8526400190782,136.29004483598155,3.749553151499876,80.50513443948995,136.4701774656717,3.7400657183178048,80.5082168034232,136.48872199835188,3.739461750174784,80.61495352110522,136.1898311880494,3.745785167072455,80.76984934092677,136.04659868911682,3.7423573945316804
357.3976312388686,77.92896333544836,0.08342456699313257,80.09590182989736,136.37152807431661,3.7378973531327095,80.09709684315598,136.46068486362353,3.7407364344257994,80.23663506481891,136.20776115428706,3.7427724205835218,79.85649149479667,136.30116172941152,3.749190178608974,80.50647733939138,136.4647078333126,3.7400783758264446,80.51118158522992,136.47889533881911,3.739531035468285,80.6160544570459,136.18664258610653,3.7467984183593437,80.76683086989594,136.05391405866797,3.7422285484687596
357.39647082671416,77.92623861042078,0.08399780178897176,80.09589794900164,136.37152535643386,3.737902761610047,80.09575007482373,136.45774078916955,3.7411855300678654,80.2356994988111,136.2046093149503,3.7424102654335396,79.85566272083237,136.30022480016368,3.7488550622245005,80.50635245551827,136.46521609928703,3.7400700141775407,80.50935268308034,136.4847170353772,3.741274619890429,80.61605815743496,136.18662843205428,3.7467928052578694,80.76386776250159,136.06221911952355,3.743184245408954
357.39505165958315,77.92314021116088,0.09137496529106297,80.09722975937105,136.37242945123504,3.7378917221178796,80.1094364310354,136.47381472175744,3.741286353207294,80.236113809566,136.20646072626474,3.7427275368696984,79.85262772252351,136.29003088064238,3.749174532127707,80.50513660535204,136.47016843970184,3.7400619370982846,80.50822970750731,136.4887231816296,3.7404760478342505,80.61496685697651,136.18983081009318,3.7467644368849884,80.76984912437864,136.04661719186709,3.7430432197309296
357.4304219847352,77.89715741562024,0.08403735227743021,80.08893258661634,136.36679826157396,3.737875851781557,80.08378993441883,136.45327978935632,3.7407684434574544,80.21189527049229,136.16359113410326,3.74336041850107,79.89043417354645,136.26041122204558,3.748972296597289,80.51200440738675,136.4421996953333,3.7401980520753986,80.51475798635747,136.46460251797433,3.740713507644656,80.62142296405491,136.17087925049765,3.7469023157703485,80.75294718411034,136.0958383046977,3.743041155994021
357.39883359180124,77.92008908801556,0.07822030253152945,80.09187337655517,136.3687939482708,3.737893456937083,80.10490491014679,136.46882965142694,3.7406689525314505,80.23166632538363,136.1981479233702,3.742532641891766,79.87438089021404,136.29476728213317,3.748750139545595,80.50974746682634,136.45138810848306,3.7401001796689544,80.51631794669615,136.4616979073114,3.74035225961594,80.61913480863812,136.17759737515095,3.7467907903020765,80.74852580209438,136.1037394019139,3.743051265181601
357.3981692534713,77.9310649602796,0.08512841995897841,80.09563685669828,136.3713489373388,3.737851539819151,80.1061778527674,136.47020253537104,3.7408922563319456,80.232748741554,136.19980501468388,3.742957490084316,79.86436338650218,136.30347386823115,3.7490264180395165,80.50674607493508,136.46361154476588,3.740048644536217,80.5110799365872,136.4791987276021,3.7403366942960248,80.61592335948627,136.1869750883277,3.7478085450680565,80.77220213034713,136.04403602321645,3.7422486023137695
357.3949646617929,77.92349900198995,0.08462065779044863,80.0971527951785,136.3723782615512,3.737824172731266,80.10958824368902,136.4740228202094,3.741558850428412,80.236058003732,136.2063014554897,3.7426181894029162,79.85294402846917,136.29093833153038,3.7491485808442047,80.50520569453904,136.46988574734624,3.740038558465973,80.5083208967882,136.48836870559848,3.739794326669723,80.61502969516779,136.18964639321987,3.746765968263983,80.76991332731674,136.0466005410602,3.7424857096102944
357.47623419615985,77.89943887262157,0.07821940471774126,80.07022592317574,136.3541012079779,3.737909329666174,80.08209395833711,136.44302844935666,3.740559954509743,80.20585333710046,136.17525580992148,3.7431141947053157,79.91268877490597,136.26688310826515,3.74849786169655,80.5261032678802,136.38477317704624,3.7402978496388624,80.5353143535958,136.39880008379612,3.7406266809704607,80.6327699838973,136.13765280599142,3.747058138333922,80.77773551395862,136.0647846216467,3.7427210689510413
357.39525775104886,77.92225602118111,0.08820920677973666,80.0971391263426,136.3723689114582,3.737828868399482,80.10912092099626,136.47354809652032,3.741485337756221,80.23607059759412,136.20645837476556,3.7425245161026437,79.85293408999938,136.29092244199438,3.749120055437472,80.5052179894795,136.46983585498586,3.740042114175934,80.50834608383725,136.4883204934931,3.740477830743055,80.6150440500589,136.1895690948839,3.74574761870201,80.76967529173194,136.0471494821006,3.742857821150144
357.39507514690695,77.92304591932343,0.07947071025348983,80.09714694443213,136.37237324250424,3.7378917694230576,80.1091965582165,136.47352659059277,3.741248982922129,80.23626191340612,136.20684671859425,3.7437052443181975,79.85306869914126,136.2906425116245,3.7489849113785594,80.50521166806135,136.46986269045473,3.7400622975539566,80.5083289581523,136.48833979479525,3.7397847646188707,80.61503489560938,136.18963116141813,3.7467668807722454,80.7697542739894,136.04691562977885,3.7427871153034853
357.3950862503074,77.92256322094944,0.08175307528344376,80.09714528572525,136.372371915094,3.7379047728584274,80.10919063925456,136.47351098165282,3.741339239793181,80.23631313754647,136.20679136758653,3.7431286817903517,79.85280364718851,136.29019078267393,3.7489312898514306,80.50521319447766,136.46985675121482,3.740067477610774,80.50836637682471,136.4882224226314,3.739663330204685,80.61503644407293,136.1896270041059,3.7467767066392335,80.76935108879336,136.04795239577948,3.7432901524003332
357.39507134186806,77.92407274994687,0.0807682201436827,80.09714848403192,136.37237431018647,3.737890303126019,80.10880991640992,136.47325196295108,3.7406754294145057,80.23622064118454,136.2066970104415,3.7431238738887496,79.85299979036061,136.29013220730994,3.749221535457588,80.50521048294148,136.46986747664977,3.7400615265477257,80.50833448116236,136.48835997779057,3.7404623666519847,80.6150338787658,136.18963494200682,3.74678674721701,80.7697292761834,136.0469974197387,3.742384127563021
357.40302531906474,77.91472124472713,0.08007913813592454,80.0942848827969,136.37043084667278,3.7378830063405277,80.08988415547651,136.45267997317495,3.741116656421961,80.23326833666226,136.2016284821831,3.742968166122994,79.86458112569447,136.296522858266,3.7490908607785633,80.50754820552262,136.4603456630543,3.7400786422094803,80.51181657075884,136.47629172078138,3.740486597292565,80.6168447461532,136.18418510204629,3.7478478345005763,80.75975874320292,136.07575138181173,3.7436988964436706
357.39973764787834,77.92694298741397,0.08570769811021978,80.09603820031359,136.3716208803959,3.737881266890692,80.0949715414175,136.45950851116177,3.740776514206306,80.23607947740545,136.20652512565692,3.742885367216248,79.85957040760387,136.29957339989946,3.7491702935598594,80.50632373618234,136.4653334695521,3.7400771408304805,80.50920505620668,136.4851213732846,3.7406100045320274,80.61594206973211,136.18697098322724,3.7467770302429817,80.77158194433947,136.044581403419,3.741837865516431
357.3951522115496,77.9232594292069,0.08486560676818979,80.09715152052378,136.37237697761057,3.7378511851902854,80.10912295542887,136.47360847841185,3.740715079419595,80.23605393997332,136.2064248333219,3.7434450955488177,79.85269352327325,136.28984232484876,3.748910725551773,80.50520711124783,136.4698804794747,3.740047914490928,80.50829521077095,136.48848511709363,3.7405942024709757,80.61503195826437,136.18960358187041,3.7457393235340946,80.7695026717667,136.04745466804627,3.742380140428312
357.3950300030215,77.92307810957145,0.09137130796926272,80.09723163252444,136.37243059938325,3.737899667879633,80.10943827251761,136.4738226005133,3.7412205220009778,80.2361304797082,136.20647972302854,3.743092646102229,79.85261648262008,136.29003751796526,3.7490148307443363,80.50513499736256,136.470175162017,3.740065138859062,80.50823607967779,136.4887339867911,3.7411798830743948,80.6149771139528,136.18984139622088,3.7477931111139626,80.76984706831836,136.04667150121736,3.744258615507444
357.40387099398976,77.91414134172953,0.0914617130160804,80.09364055440827,136.36999364585745,3.737875392617718,80.09270868053011,136.45333257213022,3.74121512093132,80.2421699140409,136.21537834395707,3.74249233558748,79.86550202698743,136.2902139425231,3.7486745694009826,80.50808680638355,136.45815212286885,3.7400870190088673,80.51258605582576,136.4732902649849,3.7397983590297192,80.61784640644115,136.18137401894325,3.746809580793673,80.76210557980913,136.0699449486625,3.7430101187282787
357.39623043136464,77.92149687867354,0.09607875829735935,80.09569681402286,136.37138917628906,3.7378812391046705,80.09602550799141,136.4609931442823,3.7410397131353,80.23111612122447,136.19679874730159,3.742605647878533,79.85604346207424,136.31539293832617,3.7492921957395833,80.50643784022212,136.46486824161215,3.7400692363132313,80.51015779048474,136.4822048108654,3.74117660950258,80.61594204870003,136.18691743475728,3.7477830937714747,80.76451578001948,136.06192438796336,3.743638095240883
357.3950159374063,77.92326606983592,0.09623067186305405,80.09726226764228,136.37245109304362,3.7379200969755355,80.10954215572313,136.47395140237322,3.741570932343426,80.2361556960434,136.20653805372433,3.7431496741015287,79.85261699734727,136.28960583915497,3.749221427813525,80.5051074920009,136.4702873578889,3.740071586938499,80.50818813839939,136.48886825076724,3.7404541292168996,80.614923379985,136.1899152528597,3.7457450465697377,80.76991306335637,136.0464615522375,3.7436609961237197
357.3952522370955,77.92271933521195,0.08830570131962277,80.09713283292479,136.37236416250462,3.7378596662692414,80.10907758090875,136.47359692487927,3.7412320968149957,80.23583257425501,136.20599211967155,3.7425124419410483,79.85298315995954,136.29120986861258,3.748827535465859,80.50522405766155,136.4698116387109,3.7400514599378343,80.50839671857211,136.48815980988996,3.740348489880697,80.61504659110186,136.18959780718427,3.746791573570889,80.76972335652826,136.04713028965415,3.74328770792353
357.39496173128305,77.92326272094475,0.0839445117739297,80.09714831028364,136.37237390272387,3.7379089777923933,80.10956374437994,136.47401586580932,3.741169242462144,80.23591024052435,136.2061246796906,3.74284908997527,79.85309703896031,136.29128026951904,3.7491286483725315,80.50521066024058,136.4698670911435,3.740067787865242,80.50833498234051,136.4883588195721,3.7404753365995544,80.61503429329507,136.18963423357764,3.74679963155951,80.76984169877537,136.04674461477174,3.7427670469125545
357.4196523498216,77.90626170671132,0.07949912823132134,80.08957101239928,136.36723053490513,3.737942427601713,80.09584456085338,136.4593451852958,3.740852091667654,80.25007144449242,136.2314220033065,3.7426622621538614,79.87410546745674,136.28024699672133,3.7488712326941322,80.51153432586518,136.4441143694327,3.740193813583732,80.51975668614787,136.45019489387698,3.7404455517117854,80.62200754498008,136.16952458468606,3.745819856574308,80.77263448151948,136.04697999394963,3.74255808246395
357.4025558796362,77.92326342275285,0.07916749708639063,80.09590563076829,136.3715308584645,3.737884175798721,80.08858392833355,136.4526837850762,3.7404082244196375,80.23052714541952,136.19657690490237,3.7432778827288127,79.85612544122807,136.30014563362346,3.7491160615790893,80.506341926308,136.46525972085993,3.740083624813755,80.50992559319121,136.48285680283288,3.7404908157393892,80.61605053736642,136.18665125167414,3.7468050811582208,80.7660991277412,136.05752328121108,3.7433838580719416
357.3951821171986,77.92396102558646,0.08534552574523543,80.09714869243707,136.37237430950503,3.737899470243465,80.1088118777494,136.47332400639442,3.7402248137851783,80.23603991630546,136.20633857825618,3.742830865871738,79.85274992605001,136.28958255559513,3.7490579643374398,80.50521039037393,136.46986809555577,3.740066022380847,80.50833431853046,136.48836058759997,3.740463494415272,80.61503386168884,136.18963528736057,3.7467941968061584,80.76955482583924,136.0474971306346,3.7429955702225612
357.3949013494134,77.92340271903149,0.0844745393562598,80.09714652708585,136.37237276784418,3.7379041136362527,80.10894543125222,136.4734238252237,3.7413660353547624,80.23632644224416,136.20682369637146,3.743110545162886,79.85316018858727,136.2916538367394,3.7489939314803205,80.50521225506901,136.4698605453945,3.740066873470089,80.50839852400799,136.48812278665838,3.7395356779635462,80.6150358316841,136.1896301029311,3.746809310846528,80.76978315789587,136.04680968083977,3.742331656970849
357.39494889572313,77.92348965570207,0.08216019889238659,80.0971457003246,136.37237215058724,3.7379077335466837,80.10894270220444,136.4733945511868,3.7408522494560636,80.23600856508223,136.2063408375128,3.742396790611172,79.85299976032233,136.29076605596075,3.7494388747692735,80.50521310403958,136.46985717540096,3.7400685137959564,80.50836587118737,136.48822368766585,3.7396528275437513,80.61503074465314,136.18967942282666,3.7478057323089815,80.76943970886464,136.04778197152817,3.7432790436620462
357.39704942037076,77.9204684784343,0.0857606573123821,80.09531632035115,136.37113112981282,3.7378682021383125,80.09456283313142,136.45966393872206,3.740262331883638,80.23684215651525,136.20995136563974,3.7432437050935987,79.85861964577087,136.30399082491263,3.7491987185767095,80.50672361312812,136.46370308563007,3.7400489550991547,80.50984571515967,136.48294317960125,3.7412747038268783,80.61676870767961,136.18460466227262,3.7457652862817046,80.76476073803487,136.06186459351866,3.742747944432016
357.3951992758434,77.92258358849254,0.0834343346183726,80.0971502116312,136.3723753770898,3.7378971174556517,80.10918715953855,136.47356808707437,3.7416882135614986,80.23624350487269,136.2066710237155,3.7425996281327554,79.85286890203835,136.29044317946185,3.7490558699020435,80.50520866468311,136.46987505293558,3.7400646796666233,80.5083138439742,136.48849690348177,3.7419533940011154,80.6150324293243,136.18963904462288,3.746783090629013,80.76976022570446,136.0469641539251,3.7430086311256456
357.3957010173667,77.92043040532282,0.0878129047514982,80.09705933853016,136.37231447247194,3.7378472857506053,80.10801879923048,136.4721552227435,3.7413371225236425,80.23643220068655,136.2069822066762,3.742431516718042,79.85319205050573,136.29088169215623,3.7492113490552366,80.5052900864434,136.4695426075248,3.7400502975263765,80.50844199373843,136.4879397590927,3.7397645911879906,80.61508437679302,136.18951704466693,3.7478085637601315,80.76909129290677,136.04880387740877,3.743103150330577
357.41417719927944,77.90269683516034,0.0917198915761713,80.09037633427057,136.36777729704622,3.7379310361930256,80.0857541953572,136.45397534096935,3.7410901597894335,80.22133060730101,136.17875584148726,3.743535338633957,79.87738037258295,136.26389387318417,3.7487321029525034,80.51032654844954,136.44903278275854,3.7401662013865065,80.51590338597404,136.46267901716615,3.7412158671454296,80.62026455964264,136.1742676184404,3.7468383150866216,80.73724950813957,136.1335257230216,3.743615169350858
357.3950434776892,77.92303693983952,0.09138020775857172,80.09723110234843,136.37243025852325,3.7378984437117375,80.1094576124889,136.4738412918609,3.741266198402749,80.23614318173401,136.20649168266854,3.743772662478454,79.85264251555564,136.29003801534128,3.749237519071389,80.50513545966116,136.47017324144352,3.740064443366217,80.50822758968685,136.48873520104834,3.740596925498397,80.61495410774961,136.1898277616994,3.745740723971155,80.76985011469262,136.0466505000684,3.7438722947330856
357.4137417428721,77.90504188784577,0.09225247536749877,80.09012191472857,136.367605214706,3.7378925904596336,80.08388777765033,136.46064119865179,3.7411921096075433,80.241423554853,136.21589681257214,3.7434928088804553,79.8718356289176,136.26502928670405,3.7485326059898436,80.5106144360878,136.44785861143606,3.7401390954598317,80.51621774565153,136.461619385163,3.741221308910368,80.62132056408525,136.17150240300649,3.7458208340733297,80.75185143654346,136.09438229198574,3.742938741384052
357.3951912382836,77.9230174627419,0.08862610123540762,80.09714784956259,136.37237442025236,3.737855429803948,80.10984479068766,136.47435619431374,3.742050094578793,80.23611084714453,136.20639662969882,3.7430928407428286,79.85289278821287,136.29007663059372,3.74896934804587,80.50521042998824,136.46986697834026,3.7400482462217344,80.508370919573,136.48824609010558,3.7403484817789336,80.61503417814318,136.18963403832765,3.7467862687486435,80.76991346902992,136.04654234827163,3.7422603277148916
357.3951142174841,77.92387317063793,0.08655710608282256,80.09715062797206,136.37237585176987,3.7378847270486895,80.10950801475444,136.47400466836532,3.7409333763441137,80.23612284790143,136.2064779838493,3.742885408863217,79.85282172614227,136.2897726457999,3.74947002541879,80.5052084451642,136.46987569940296,3.740060071588737,80.50832418957286,136.48835656236693,3.7397828780480107,80.61503208785182,136.1896401919482,3.746786580891629,80.76988046599371,136.04660313372295,3.743320407329448
357.39510827784443,77.92255004370102,0.08840098750076482,80.09713074916492,136.37236293730092,3.737847470658242,80.10888841590507,136.47344850656535,3.7411457984377265,80.23644233311191,136.2070696435329,3.7429135749007783,79.85282188064754,136.29040537801188,3.7487217642313473,80.50522580222587,136.46980429444338,3.740047038775006,80.50835713147386,136.4882824518694,3.74048186837553,80.615052443039,136.18954503389267,3.7457502205077913,80.7694944708602,136.04769601158844,3.7433996977290156
357.39514123687076,77.92239406730239,0.08375549531727237,80.09715264037148,136.3723777513871,3.737850300219745,80.10956300272498,136.47396307684525,3.741402885338439,80.23641955250673,136.20696264581113,3.7428248649989353,79.8528007067059,136.29007888375747,3.7493198835782815,80.5052059384837,136.4698852145245,3.740047130532401,80.50830192448508,136.4885003674052,3.741273710057482,80.61503021453073,136.18964570535843,3.7467870847398177,80.76978324185312,136.04686550839125,3.743018061057423
357.3956899097945,77.91749799372947,0.09027214027430476,80.09686080215268,136.37217935111394,3.737871221653425,80.10735344758976,136.47165545035742,3.741040580880551,80.23570700794048,136.20611161167827,3.743674794916605,79.8549856340143,136.29748956211245,3.7492271711330676,80.50546957166547,136.46881184776112,3.7400572630455646,80.5088502252988,136.48657733412352,3.739637295398518,80.61527051061873,136.18894207889696,3.746833631183535,80.76884555906342,136.0498993013468,3.7431625096627603
357.3951782854328,77.92415222377126,0.08611824013287842,80.09714898623557,136.37237513412106,3.7378591456563823,80.10874839336327,136.47321423680353,3.740830018760115,80.2360815148375,136.2064135795743,3.7428391416476705,79.85299689528465,136.2905203109633,3.7493513190885768,80.50520967315767,136.46987017927063,3.7400504392935843,80.50833363888476,136.48836306854145,3.7404663396535316,80.61502856764947,136.1896863643002,3.7478141699108103,80.7699626492049,136.04641717670566,3.741627191364783
357.4051025739755,77.90636644383405,0.08599487034346966,80.09275033171107,136.36938938905905,3.7378785644776182,80.08703644854775,136.4520842419594,3.741093985618328,80.22955291915656,136.19786255106558,3.7434388034382797,79.87244456799995,136.28471100486465,3.748882531700783,80.50861751601228,136.4559903013695,3.7400876788224093,80.51205401187127,136.47459817961672,3.740624094265246,80.61786066142811,136.18110741383285,3.7478558261106345,80.74901106615208,136.1026677360688,3.7431848808798005
357.39518039644736,77.92433082007466,0.08581655902577383,80.09714766960505,136.37237373542467,3.737891721820123,80.10928533525221,136.473583235749,3.7414484763044897,80.23592381203851,136.2061477953409,3.7437341833008193,79.85293878055981,136.29006788131994,3.748807707143244,80.50521131408998,136.4698641365492,3.740062373826758,80.50830608856593,136.48848465077185,3.741258682879458,80.61503443851834,136.18963289552266,3.7467765794441816,80.77000640194294,136.04631562617178,3.7419741209124893
357.39517712519813,77.92309169430791,0.08351600316559703,80.09714794472082,136.37237391013159,3.737892497345868,80.10882413788859,136.47316890516836,3.7411250930280975,80.23622732939586,136.20671202664764,3.7431332760136624,79.85303921526558,136.28984332459984,3.749138858489152,80.50521079024826,136.4698663213857,3.7400633203890035,80.50836187327744,136.4882378215102,3.739665241099969,80.61503432084454,136.1896336281069,3.746786464276054,80.76938382826984,136.04789622645762,3.7435297035754536
357.3950437466612,77.92311038475847,0.09143305496098433,80.09723172435163,136.37243066236033,3.7378996258208503,80.10944083943171,136.47384383020392,3.7407153855520536,80.23612388788946,136.20646627631712,3.743103402844449,79.85264043890014,136.2900668974637,3.749389143192959,80.50513491238122,136.47017549744226,3.7400649390188496,80.50822713268292,136.48873715747388,3.7406023651905316,80.61495351117209,136.189829495288,3.745741135601165,80.76985018892024,136.04660330804057,3.7426119900478905
357.3951775517053,77.92201285977647,0.0978638792470584,80.09715240476207,136.37237712075571,3.7378806606350117,80.10930060522632,136.47377394624763,3.7409476120209577,80.23601530576215,136.2063534219769,3.743578977686458,79.85309303428438,136.29066012439745,3.74916003768525,80.50520638267832,136.46988402209698,3.740058605159272,80.50836317132082,136.48827211782972,3.7403513024127117,80.61503057430083,136.18964454394228,3.746784507239675,80.76945678139788,136.04770138878044,3.743042625073224
357.39581572985344,77.92802939923476,0.08941806767199262,80.09620953103243,136.37173694434765,3.7379026022756934,80.10395611489248,136.4669940981313,3.74165166807881,80.23594841859538,136.20545076758617,3.7426027840774108,79.85800160712095,136.302139072865,3.7490391090298822,80.50606252820872,136.4663883576828,3.7400708623902696,80.50953261202272,136.48417162660303,3.7404914295214096,80.61580969438782,136.18737416693688,3.7468105037690194,80.77018428708604,136.04787458861492,3.7421173040974223
357.39504447202,77.92315628340039,0.0913421776934421,80.09723138152468,136.3724304421809,3.737898819361034,80.1094855177228,136.4738571889046,3.7420280529384686,80.23612678181547,136.2064816569905,3.7427565237813676,79.85261516478548,136.28998544904186,3.7488436041892834,80.50513521685413,136.47017424451946,3.74006470371941,80.50822774021638,136.48872433783959,3.74033559135904,80.61495385377408,136.1898285438238,3.745742027228499,80.7698488511625,136.04660881480186,3.742610483376296
357.3950986494239,77.92470940229563,0.07936435410272447,80.09714871276414,136.37237466502685,3.7378774293859833,80.10844664313029,136.4729135187142,3.7404498019011143,80.236265127898,136.20678666088088,3.742856488645667,79.85301832917402,136.29048621473726,3.7491757047455887,80.50521026344127,136.46986813115865,3.740057068202195,80.50832694709788,136.488347766706,3.7398023370527036,80.6150350680288,136.18959485669677,3.7457451383919684,80.76997036513328,136.0464134769221,3.74243862918761
357.4029478695006,77.90506732877469,0.08123331092216524,80.09382426814551,136.37011798234184,3.737898144445985,80.09482206755933,136.4618710818597,3.740989759988542,80.24856756176074,136.23389431022343,3.7433587233411134,79.85917012013545,136.27071618661677,3.7487420059099033,80.5077905141947,136.45935903104902,3.7400861865029817,80.51112006614981,136.47835757398033,3.7413020745663457,80.61812205788539,136.1807089428577,3.7457776957350033,80.76122837209957,136.07011188763352,3.7430307730576153
357.40025263796787,77.92124998982386,0.0866678216894145,80.09501065575941,136.37092398539482,3.7378479168295575,80.08842981164182,136.45150693137498,3.7417728198920153,80.23478649625501,136.20253242522887,3.743252168616831,79.86107609191745,136.3005064759175,3.7492266718202494,80.50706110898713,136.46233346841728,3.7401458174230875,80.51096328665203,136.4792617058915,3.7404651149025616,80.6163559399766,136.18566392209635,3.7477951607499027,80.76136726354528,136.0709689397157,3.7432891018386236
357.3950349848946,77.92312240584648,0.0913018611047614,80.0972328972238,136.37243139774344,3.737903538673598,80.10946017117232,136.47384918792224,3.7413846501571952,80.23613921256957,136.206502106003,3.7428465525496533,79.85261372624292,136.2900198633453,3.7488961305038035,80.50513389342133,136.47017972737353,3.740066411791046,80.50823415551022,136.48873936546522,3.7411544506199554,80.6149645656568,136.18983824714482,3.746782288744641,80.76985780686039,136.0465923915107,3.7429090004432046
357.39503226579865,77.9231371294904,0.09136683267439241,80.09723429651001,136.37243224653113,3.737910048637909,80.10946879964328,136.4738576070878,3.7411970000972636,80.23613251403026,136.20648425516177,3.7430935262388805,79.85260886984285,136.2900034774422,3.748854523849274,80.50513269491908,136.47018472548942,3.740068569339306,80.50822378917421,136.48874279635882,3.7404572722164433,80.6149635895797,136.18984155365172,3.746793371811102,80.76985916662176,136.04660264039975,3.743317109998594
357.41358304194307,77.9019030912177,0.08457368049082924,80.0899849019748,136.3675128909767,3.737849497349449,80.09004731567522,136.44753142020383,3.740985409798025,80.22413482348564,136.1864330161186,3.7428055069655155,79.86520297354714,136.25951429125146,3.7489203527852055,80.51065136100455,136.44770840954519,3.740143252732736,80.51612464302245,136.4613860540623,3.7405420260063598,80.61947394851391,136.17621986423825,3.747865169298587,80.736386125319,136.13465887374642,3.7437969214150026
357.401173367799,77.92583642797739,0.0924576610356486,80.09403444383344,136.37026050626227,3.737906373086706,80.09827199708761,136.46584810600888,3.7413620202948095,80.22079268305995,136.17826564071814,3.742552362761426,79.8554729288099,136.30322540440696,3.7485851708773135,80.5079952153959,136.45852529635314,3.740088494121981,80.51225720659383,136.47508629170645,3.7411728581196937,80.61803486965592,136.18096000346003,3.745778897463416,80.7566147220828,136.0844359175318,3.743286313103301
357.39634382625377,77.93265796114082,0.09597386556791494,80.09694169558624,136.37223392398215,3.7378925729432715,80.10568205406223,136.46999988138518,3.7410148743207006,80.2353195831879,136.20517786688563,3.7428587926801797,79.85409281211842,136.28514500713254,3.748981527847303,80.5054170182609,136.46902644022796,3.7400668578860286,80.50847276646675,136.4877717371252,3.739908873391976,80.61524348206628,136.18899456283367,3.7457377891181523,80.7702384279169,136.04634864110025,3.7422439103593774
357.3942132477522,77.91969318725815,0.08897705143782207,80.09467178102115,136.3706931959265,3.7378987965525297,80.08811796549259,136.4546602330258,3.7410972416421697,80.24044104579191,136.2149933341133,3.743279823406589,79.85638615753737,136.30283113463972,3.7489378389039505,80.50724476051765,136.46158157370724,3.740075358664949,80.5103912081707,136.48097923902753,3.74127717384644,80.61702876230584,136.18377482170783,3.7467887826862607,80.7564850550914,136.08298172683865,3.7433849012225795
357.395077185994,77.9239319664959,0.08429643641332503,80.09714545779397,136.37237124010278,3.7379558358715066,80.10907413295487,136.4734872452808,3.7418122943960097,80.23594345026355,136.20611708805595,3.743262951106935,79.85296863651226,136.29029302835127,3.7489911020102684,80.50521395803847,136.46985447215337,3.7400829438370033,80.50833913279605,136.48834427988038,3.740471008329219,80.61503879762414,136.18958415848317,3.7457461303736657,80.7695787257737,136.04730874715924,3.7429291431720153
357.3974353053643,77.92574930714494,0.08878628042687128,80.09509615363822,136.37098161356806,3.7378737185283857,80.09662855079708,136.463675522936,3.7408126227481224,80.22849293886907,136.19236601931743,3.7428838107607105,79.8624905558813,136.30474243541522,3.7492977453403227,80.5070759025134,136.46226871529356,3.7400622577956386,80.51187798587375,136.4765187247195,3.7403366731052943,80.61671327371442,136.1847038743838,3.746759982743138,80.7598839839618,136.07619962807567,3.7434968595898948
357.3951516192031,77.92406012589719,0.08040173693229324,80.09714798818455,136.37237376575135,3.737903711867415,80.10895901474306,136.47337679802544,3.7414560920465747,80.23609172643089,136.20637314394523,3.743155703544411,79.85298542821293,136.2893884531285,3.749268308759548,80.50521107480206,136.46986531413228,3.7400661457446076,80.50833529559425,136.48835732063634,3.740465889947383,80.61503433434181,136.1896334709849,3.7467833922170377,80.76955111728813,136.04752627702118,3.7434019861965986
357.39496990935646,77.92254171683851,0.08628536649493165,80.09713771368997,136.3723676233651,3.737850107767926,80.10960680174955,136.4739946252792,3.7418273956215073,80.23610103216738,136.20645193215137,3.7430795433329163,79.85311079536078,136.29204877376256,3.7488015143961153,80.50521948887231,136.46983003467338,3.740047460237603,80.50834047782855,136.48829884476856,3.739779006983253,80.61504536320791,136.18956461521665,3.7457297312687103,80.76994876563792,136.046497896325,3.742485537330721
357.4055863602418,77.90961663608984,0.08802789457275169,80.09310147427564,136.36962760540698,3.737885734833222,80.09265922818825,136.45783873427334,3.7410372392475595,80.23922588440733,136.21032286973193,3.7423526683010326,79.85717172007422,136.27651598793372,3.7489018328183645,80.50860670070746,136.45603460733213,3.740092394481437,80.51334081330859,136.47139130435644,3.741179181984358,80.61829234859746,136.18006589292258,3.746819515731681,80.75547160873379,136.0879940841111,3.7428874514037984
357.4151369659589,77.89718147622469,0.08851715290152738,80.09046100029649,136.3678356684303,3.737872587837338,80.07897963007322,136.44312575461876,3.7410813063936117,80.22440183462007,136.18882558860832,3.743189963259568,79.85039965348535,136.27199674330447,3.749143337199598,80.51017425171574,136.4496516410835,3.740137916532082,80.51366648202081,136.46919319922577,3.7413421130794773,80.6192365490548,136.17693970745393,3.7478800038844144,80.74227785396707,136.1194381265765,3.7435110746694256
357.39550686294444,77.93309469781089,0.09149297171634918,80.09486100233693,136.37082125154743,3.7379227635540966,80.11006394846552,136.47700019975386,3.741660989973695,80.23458495348855,136.2055152858008,3.7429579305317957,79.86447687390445,136.31084888203023,3.7487586546851333,80.50732531321505,136.4612527529641,3.740062512180447,80.51125990036459,136.47847411201764,3.741141048525938,80.61726357842434,136.18317913472814,3.7457444450721407,80.77359086205423,136.0415241641496,3.7418494490311867
357.3951107275426,77.92264424949643,0.08118194003636522,80.09715137408506,136.3723768916017,3.7378503217041903,80.10905333197877,136.47354265835938,3.741096249487397,80.2362842103447,136.2067382818368,3.7425332361207184,79.85296693374549,136.29127428814311,3.7489497652380517,80.50520712672613,136.46988037278513,3.740047104446252,80.50829518882654,136.4884846239378,3.740582496373886,80.61503128989936,136.18964264480283,3.746789490661301,80.76990350342666,136.04654298300815,3.7418635888939913
357.39500167351673,77.92405572116078,0.08627327799863456,80.09714668370067,136.37237281021677,3.7379082368091194,80.1091740092625,136.47358585486685,3.741305304687225,80.23606024999182,136.20644380601055,3.743301007888183,79.85267295833094,136.29021495495866,3.7488964474583195,80.5052123527211,136.46986019830462,3.740067816245619,80.50833697171035,136.48835131857695,3.7404614170805233,80.61503537074152,136.1896302599127,3.7467791277239195,80.76966918736565,136.0471125186087,3.742486276398876
357.4065583011565,77.90848726209617,0.08589060524882998,80.09410148431903,136.37030634386997,3.7378846673504804,80.07284091466602,136.43969508491796,3.7408982719770854,80.23562787638056,136.20734934256723,3.7428117931580096,79.85992594082828,136.27947234596903,3.7491379975984,80.5077711782043,136.4594377500377,3.7400854179195844,80.51211503139085,136.47555607881893,3.741189944971445,80.61748855307142,136.18242744383826,3.7468373720440495,80.74983844533033,136.09961426005722,3.7433069987160392
357.40379066415096,77.91891759110061,0.08316874945734916,80.09336100824885,136.36980337445445,3.737910182796916,80.09797103119604,136.46698813012299,3.7414225677839097,80.22150104271162,136.17932563696587,3.7426307201130053,79.87697730296328,136.29559184554398,3.7488996886602077,80.5086978544827,136.45566392050472,3.7401039571584205,80.51461382917977,136.46703149354673,3.7396992552173174,80.61808028448003,136.18069481973902,3.7467869460701344,80.75258276038238,136.09491051250475,3.743061282835409
357.3945914412181,77.9260554153039,0.07940094439840818,80.09537480608516,136.37117079113955,3.7378704672195346,80.09275815316101,136.45826869081165,3.7409009327903955,80.23410176384328,136.20186843803958,3.7425542872752664,79.85953553674587,136.3121117163543,3.7493586576963627,80.50674972789,136.46360232444968,3.7401540581140957,80.50979915086174,136.48328786963955,3.7419467296569406,80.61672513960445,136.18472880912404,3.7457330053075943,80.76187779055552,136.06887919974693,3.7433338652987422
357.3950368392963,77.92311316665378,0.09148277198447584,80.09723185505449,136.3724307495418,3.7378997244234515,80.10944052808672,136.47382601865894,3.7415569764731753,80.2361161155987,136.20645713202182,3.7429284966404968,79.852626926391,136.29003894228117,3.749388206667375,80.50513479579472,136.4701759770981,3.7400650271565503,80.50822695572192,136.48873225205824,3.7404662465203224,80.61497732964654,136.18984193232455,3.747822173545398,80.7698360915421,136.04664752546475,3.742886148188998
357.3950562113545,77.92317684988589,0.09599320388073322,80.09715312852191,136.37237812354692,3.7378476664037006,80.10912130631193,136.47343300019912,3.741480064035411,80.23612737663203,136.20648863285263,3.743130668658333,79.85309264849944,136.29100645437052,3.749332023878063,80.50520560674488,136.46988650621853,3.7400460208512967,80.50831098857171,136.48850679089622,3.7419506990518125,80.61502589380399,136.1896941683754,3.7478069137377714,80.76987737128171,136.04669937313028,3.7429578957629244
357.3958355132936,77.9312794058376,0.07418738543756832,80.09613122675096,136.37168370606173,3.7379014870921368,80.09962452994326,136.46296291733458,3.740561898650269,80.23371386238955,136.20172214402314,3.742818862739869,79.85864516133476,136.3087170405249,3.7492272585867514,80.50623341066036,136.46570094244635,3.74006840977393,80.5096814237658,136.48383561399854,3.741160550461291,80.61563159215434,136.1878596732649,3.747822676586028,80.77002885736644,136.0482966535633,3.7422493622899013
357.39799584988776,77.93214559305352,0.08535180644065397,80.09637552547599,136.3718496049803,3.737895726587754,80.10135940219963,136.4657300395022,3.741056854023631,80.23256646588523,136.2000568667554,3.7433778690913866,79.85831319928776,136.3011032053324,3.74917298884778,80.5059333524061,136.4669241260344,3.740085036670701,80.50935370997377,136.4849403689081,3.7411574877179823,80.61566851993568,136.1877734776244,3.7468157551361587,80.7721880307636,136.04187599169953,3.741753052458585
357.39148596049677,77.92526598351236,0.08603033910901813,80.09247755662041,136.36920360726253,3.7379200748969708,80.10442692086194,136.47580992464083,3.7411401503800277,80.22339885437002,136.18369271367374,3.742533785667181,79.86774210807019,136.30177891965474,3.7492198551643794,80.50909475121396,136.45404438617325,3.7400524510413193,80.51405469068459,136.4685387377243,3.740431444633783,80.61946306009426,136.17684567256555,3.745710316827962,80.7400158023605,136.12656318094218,3.7438897816128507
357.40383303914325,77.92652874195414,0.08525474819977445,80.09285262613598,136.36945893373374,3.7378709650903486,80.10488601123652,136.46998799988523,3.740788527449618,80.23237516459129,136.2035672667001,3.743052498480228,79.86838521533423,136.30181149120497,3.7492450645645428,80.50902527278619,136.45432904075187,3.7400827305540694,80.51539224460002,136.4643670665396,3.739689541367055,80.61767749617873,136.18166224596322,3.747852866219246,80.76876508780255,136.05396891378325,3.7421495206923607
357.39555411929274,77.93101761364258,0.08338345120257767,80.0965131371737,136.37194293793658,3.7379000362057466,80.10596257189145,136.47071311242564,3.74138592677115,80.23564640113413,136.2055825954071,3.742761816208533,79.8529390841724,136.2961831273236,3.749233451273951,80.50580535569401,136.46744444273156,3.7400649620585504,80.50947555655095,136.48455320792516,3.740344737377193,80.61541870491247,136.18850443193367,3.7478166690040844,80.77080872052156,136.04529315079202,3.7428512762538775
357.3951633375314,77.92043852971821,0.09464053520581577,80.09709611809485,136.37233879657214,3.737888490556187,80.10990219839437,136.47439080183742,3.7416964605857626,80.23635971091377,136.20708103138,3.7432077889285713,79.85325463146457,136.29002347171973,3.7490704815182867,80.50525698242029,136.46967802417169,3.7400608465504184,80.5083501320362,136.4883272308329,3.7412826863071174,80.6150866547969,136.18944697118897,3.7457612165115446,80.76912479965145,136.04865973003191,3.7441649713687073
357.3950530908571,77.92197805630573,0.0849758676401497,80.09713784790112,136.37236656613888,3.7379241717561684,80.10909271989826,136.47339249122186,3.7417687301202065,80.23599998654176,136.20633917693507,3.7430336327774216,79.85314785630797,136.2914614311244,3.749100107609437,80.5052199904348,136.46982944181877,3.740074432892488,80.50834079872283,136.4882975711901,3.7397764513834337,80.6150428536069,136.18960883861465,3.7467931734204067,80.7693294876957,136.04798634725415,3.7436935532930566
