N,r,sigma,x0,y0,theta0
356.7127871522711,78.2715415299139,0.1516450035710764,80.43334623474576,136.58466890495845,3.740371230865611
357.2217172308936,78.4205382044103,0.14383449727425665,80.48724312396669,136.74391840716842,3.7407600741419
357.5296308719705,78.48759704346121,0.1404154696325195,80.5552424749838,136.7850882634886,3.7412005620958757
356.84744172143644,78.36964462282238,0.13962578396490086,80.48678840627264,136.67242873462953,3.7404075819731895
356.1143434650763,78.20130258604625,0.13626400312619344,80.38294394160934,136.5470535469956,3.7393932187827925
355.9614532068739,78.2150732568348,0.14066602073649298,80.43654026081667,136.51693594547856,3.7386313355220446
355.8098200935898,78.22422797107244,0.14781425154088262,80.44482176516095,136.51897846310095,3.7383069439391496
356.22260372513665,78.25515218974907,0.13999316628621505,80.46537031226032,136.5512657146873,3.738885760439124
354.8306646844734,77.92640662722482,0.1517843950213862,80.30206312478136,136.23686005776605,3.736777540688551
356.6358519421141,78.34622241695573,0.14583389772015412,80.49422079790327,136.63056734139306,3.7400554411046776
356.64606532481804,78.31899830009729,0.16239992979099774,80.4676655306035,136.61701820151936,3.740149057424362
356.64540963163483,78.32585661578962,0.1676854886970839,80.47281103021916,136.61363350960679,3.7400465649685404
356.6291078618828,78.35287047501862,0.155303572583766,80.48413261189371,136.6590241555016,3.739737868304164
355.53344283630554,78.01492661109516,0.1595803887749144,80.34458104762335,136.32473945904607,3.7379495991674156
355.27129656773843,78.00565242242149,0.14847947298165448,80.32067782146672,136.3288028890286,3.737813353528912
356.64393399864525,78.32498592080105,0.13385552498050382,80.46845930296998,136.62089826762454,3.7398936556054494
355.9001050408123,78.27594969590234,0.14618573738880353,80.46646209067556,136.5720787187826,3.7383912796225953
356.63501138490574,78.34545910162704,0.14862799953128672,80.48189500992802,136.63567239670917,3.7394773507393197
355.717833109953,78.08128323243828,0.16002564274380132,80.33640653005403,136.4185451709708,3.7385425085602275
356.648502417724,78.32072585305342,0.1544390784002256,80.46719011025148,136.6226317857586,3.739970226534238
357.54020058865495,78.62832631641551,0.1390000480440781,80.6228685610761,136.9174879767936,3.7409483148287164
355.64681279834025,77.93107262905436,0.16200098051586628,80.29250353408806,136.25565655570006,3.7387782218371814
356.6540277853236,78.3031756534238,0.139421841280891,80.4830759086821,136.5946555103845,3.7400150822982106
356.6399788647453,78.32688994449161,0.15243903483053517,80.47189872767902,136.61905774847946,3.740147020618486
356.6305436762341,78.38967122291109,0.13557308419117817,80.48503608553979,136.6932122910623,3.7399268928506793
356.0519915782963,78.12961280536089,0.15597298604430998,80.40177519019662,136.43807421778945,3.7392759750749143
357.09582743804106,78.44859735333156,0.1528988087360407,80.52060327412876,136.74664696992855,3.740626456158129
356.8323248530822,78.32997499879302,0.15279878710802178,80.47693017425418,136.63418355829447,3.739810834346423
357.1186734325154,78.46107305005441,0.14835681345176152,80.55603018271307,136.7408107352252,3.740275502668216
356.59092209478166,78.28746583266204,0.15363887318536942,80.44904840720031,136.60088595762983,3.7397080187560703
356.69416511679583,78.16874789136843,0.15838574027444677,80.36975982730175,136.50535587561276,3.740806989342262
358.21946888755895,78.60940890669939,0.15615957973493272,80.56435190501408,136.92063845953626,3.7433303803213858
356.8203928393635,78.39754785666022,0.13596557056938735,80.50063412373869,136.69343978554625,3.74002444160302
355.4863753370338,78.04700210531293,0.1536591298134099,80.3457599872482,136.37026763674854,3.738493161752004
356.3131078171716,78.34816826680964,0.12914819318672716,80.5130298431456,136.6238262276386,3.738761136952782
354.3769163858456,77.80424539537523,0.13988307412379414,80.24383601941537,136.1293942179292,3.7362618556029252
357.69498617687077,78.65192801182698,0.1440213424353831,80.6156849462753,136.9429086435804,3.741339107108117
357.90637110697776,78.58952712165643,0.1653681570217642,80.57596348620834,136.9112806567306,3.7417739568169686
356.6652560186647,78.27449483178827,0.15163644972928117,80.4583410447172,136.56636015968775,3.7399870093206142
356.6499047144521,78.30554106284264,0.148310973643462,80.46681511072894,136.6107137944965,3.7398286703887633
356.68043434719755,78.23434380418503,0.14896496843963514,80.42801099241437,136.55460337486105,3.7396753028798155
356.65378006941495,78.29721249868491,0.1453164967728529,80.50476649797443,136.58974858326602,3.739760556880017
356.6346404203456,78.34398613152875,0.14854250714997608,80.5010591666168,136.64397577317158,3.7393384679735604
356.9364060385321,78.35058917043071,0.15918326504523514,80.4579765265365,136.67999629140405,3.740281367649304
357.0154893470541,78.41917605490025,0.15244663861404847,80.50538571505483,136.73194397559382,3.740555201981227
356.560496065342,78.34592319215066,0.14618339506255743,80.46501103409405,136.64407203762732,3.7403664537016534
357.1598877835655,78.49140261199447,0.14897624253112385,80.58377620268588,136.76162972628262,3.7398949948149602
357.0169082863874,78.38683953042501,0.14709740833535842,80.50218716134893,136.6847637351712,3.740370105598318
355.25194586714827,77.98347907197086,0.14792895573102047,80.33610981906277,136.29454264159412,3.7376951390900537
356.638990570171,78.33662949404827,0.1725629710868372,80.48060669881302,136.63334452209,3.739681661234881
356.64448173299223,78.30194346118759,0.1599850842990002,80.41718364214076,136.64691061695515,3.740281530794559
356.12335393830085,78.24127718406999,0.15153729232098934,80.45402397370633,136.534724543355,3.7384303891026227
355.8975618239718,78.18717825216254,0.14125625290457325,80.42847817045167,136.48214018365366,3.7384892708762165
355.8690884523587,78.14573059448176,0.14048062836804348,80.37086868368449,136.48109496428341,3.738922501902106
356.9181526528551,78.33102091159424,0.15441353694465867,80.46364581644349,136.64045296780208,3.7403348980570987
356.1252196505187,78.33711919959202,0.1283010033313143,80.4880337050506,136.6299869997196,3.739044158951905
357.4296541507262,78.59965225063753,0.14257797632712854,80.57123481578847,136.90251763690432,3.74127377290897
357.31886144686075,78.55776258506495,0.1394512125209183,80.60260525223809,136.8303734187985,3.740670561789641
356.67959767207054,78.23360532383464,0.14202095367992343,80.41301654688303,136.5669080375638,3.739894982740168
356.9126566025207,78.32798085588009,0.1502737642029491,80.46058657023343,136.65228937351765,3.7401781704412262
355.3411611926925,78.0017788851822,0.14580885037989894,80.3185103570969,136.33147026962894,3.73770538120176
357.51901463706923,78.53575013412856,0.1652107523191575,80.58441791086136,136.80797836348475,3.7409430897618194
356.65383630901886,78.28420847055779,0.1504827648562547,80.41551524812901,136.62814048971296,3.74005738902341
355.629384309515,78.06730519246373,0.15455849215620904,80.36586521201019,136.375364416433,3.73820722027018
356.11570725671294,78.24541919151164,0.14144821139884306,80.46045338983929,136.52915141121488,3.739224791512887
356.86932452736,78.32884888573871,0.13665914201223367,80.49765219570254,136.63567390575878,3.7401721074697107
357.85655584353185,78.59944702716103,0.16403626101665275,80.59078192129408,136.91246477059724,3.7417260574020923
356.6177787456633,78.35781847760586,0.14848891244106213,80.4689207292938,136.66855379815954,3.7402456692712445
356.65152011569353,78.36153911554479,0.15902424993068984,80.51312306802616,136.6482221774576,3.739537855352976
356.64834631650353,78.26625666300389,0.146124603259073,80.4455365774607,136.58722707438216,3.739888922753424
355.541507277877,78.07355091805924,0.14159989393493366,80.37843825406861,136.3645630260871,3.7378874316882866
356.4049867411564,78.22194954763762,0.14895594241104715,80.41908813487845,136.52917588499338,3.7397919854033175
356.6648996034836,78.20981055798174,0.14553101854872083,80.3857521749752,136.5379990133658,3.7406372823419898
355.7943472619811,78.07405987391046,0.1419811719457494,80.39914293163162,136.36777576296794,3.738533020286332
355.8115703369826,78.11219100010685,0.13958658695826062,80.37751249501802,136.42218896513182,3.7387784705850167
356.9969108990736,78.47440812584733,0.1516259204869618,80.54237327876605,136.78377773923518,3.740348696515739
356.63604738929394,78.34508282776328,0.14886328779399688,80.465773399897,136.65393473940946,3.739788041984462
356.63894877993897,78.33896466022851,0.15583658024797384,80.48023181513763,136.65051614868116,3.73983967216653
356.5316313066739,78.30306289923824,0.15971892755394543,80.46753895132905,136.61274157547362,3.739660182966642
355.6192784021352,78.05955003816901,0.13774224271177163,80.36228732261047,136.3815778591579,3.7382728104179863
355.2318828095351,78.00942673634867,0.1388249840603868,80.35221020231378,136.31256546976252,3.737332481757595
356.52147506890844,78.23275402752323,0.1601659337813128,80.44157870670888,136.53944025228722,3.7398066121652516
356.65571854103337,78.30250692088433,0.16717590772785745,80.4996595573573,136.59700166158726,3.739782478263005
356.6564504296194,78.28446260208945,0.16464800266659682,80.44445658252211,136.60557611008957,3.7399675994663673
356.6408125950099,78.32704438001558,0.14697922314925765,80.49096743861173,136.6283748096156,3.7392030954321105
355.6169150012041,77.99324903347292,0.14556991384059892,80.32555437796714,136.31613020917445,3.738744854886917
357.8265785667664,78.52938163913825,0.158376850566695,80.52017872398858,136.85502722965893,3.7422529458984526
356.6247074769721,78.36142543710778,0.13294304963639572,80.51504853140297,136.63863630271194,3.739622690124331
357.28932883056103,78.58113098592948,0.13816862750074152,80.62128261915615,136.83921359419352,3.740440011018839
357.472525606968,78.4786937136025,0.1522756305474313,80.52672291242516,136.78636531318452,3.7417421793279213
355.8247120663549,78.1407956520064,0.1617540315495426,80.39559448186093,136.44874343418215,3.7384757436567364
356.12430484314325,78.22463487643088,0.1566995584463282,80.44785782811546,136.52124960003198,3.7390169025220685
357.3866423302294,78.53182862980381,0.15284301789770277,80.54546589121587,136.8375751337752,3.7412961713120594
356.67533216832544,78.46088436343813,0.15621335847774,80.53454054145666,136.75717451174742,3.739559876090928
356.6576489892709,78.2907291854901,0.14202663199618765,80.46477152566723,136.59701553995745,3.7392458144437932
356.6577969294475,78.37628189354928,0.1413810559691344,80.49240401362916,136.68226320865617,3.7398630391219587
357.98963010093934,78.68005045490335,0.13234640639086037,80.63047714810821,136.96213186035882,3.7417031523238036
356.6611577184366,78.27528637411427,0.14814072001916684,80.40829477507575,136.6107976724322,3.7402522835299767
356.6543391599076,78.32430752782622,0.1575273731536967,80.49595637301549,136.62294365767383,3.7396773984984586
356.4549802615136,78.17540536409166,0.1564232124069067,80.39822890096923,136.48029710265294,3.739830374238211
