N,r,sigma_r,sigma_t,x0_0,y0_0,alpha_0,x0_1,y0_1,alpha_1,x0_2,y0_2,alpha_2,x0_3,y0_3,alpha_3,x0_4,y0_4,alpha_4,x0_5,y0_5,alpha_5,x0_6,y0_6,alpha_6,x0_7,y0_7,alpha_7
357.2675435924966,77.85801432542826,0.02551449253063067,0.12012074505587768,80.01841107397941,136.31893440465257,3.737891728954457,80.0598729909425,136.3991796835336,3.740851759162988,80.1823684219103,136.14701732779784,3.7430177139435514,79.90376403369277,136.23622150335757,3.748102794990498,80.54195278869268,136.3201740957651,3.739632058780202,80.64707739406798,136.4228934961896,3.739234135456881,80.66671584394595,136.10616263111623,3.745018952799922,82.74916778045024,136.79629835580715,3.7146166994847403
357.26951878579206,77.85026226415731,0.025760429107269955,0.1230015128573285,80.01622491105786,136.3174507551084,3.737882793356603,80.03073893354743,136.4210559629532,3.7415155852120847,80.19839086607803,136.1659723622041,3.742783319204906,79.87080006798834,136.2364697811798,3.7489798492716115,80.54258568234677,136.31759589316482,3.739630082564505,80.65220417685093,136.40994998544264,3.737702522883003,80.66813706140856,136.10262395133356,3.7460774072361906,82.75495149514747,136.78265961207097,3.715371409919983
357.26773019307205,77.85706124797453,0.022455850284335232,0.12065698320571723,80.01807695080588,136.31870765121863,3.737890312087892,80.0644054837455,136.403250686442,3.7407094641313576,80.1834069155641,136.1482550486447,3.7431064654765307,79.90238849336801,136.23616159691704,3.748037486725623,80.54204879229259,136.31978344413798,3.7396398478949147,80.647713041736,136.42063838597562,3.737854679817288,80.666644210207,136.10636927905566,3.7450250287282314,82.75022160401579,136.79260495991943,3.715492753272775
357.2670952708664,77.85716029339831,0.024092077409924553,0.10807031588738267,80.01886404970617,136.3192418064679,3.737894358284727,80.0636639229314,136.3993357065618,3.7409194350595674,80.1816334236391,136.1438296039937,3.7425238730259913,79.89927271812687,136.24016270991152,3.7477892398619277,80.54182282275173,136.32070317013319,3.739625700084416,80.64718098682805,136.42306343011077,3.7385359502580444,80.66491258080386,136.11161687426434,3.74703579684945,82.75139540687299,136.7903024866374,3.7150872615123482
357.2890966122535,77.83407780204512,0.027961757911044684,0.11616569404349904,80.0038804086308,136.30907243769195,3.7378751935479055,80.14239876753189,136.28850551560413,3.738872230712097,80.1004961678676,136.17406804840107,3.744064973261293,79.8649194381282,136.21958326843034,3.748652108633208,80.54614293432077,136.30311182610876,3.739749125880688,80.64911884196754,136.4132034111256,3.7393773599153484,80.67425726968723,136.08443475254577,3.7450847679414663,82.77534751304007,136.78254372356147,3.7144584284023106
357.2680489825387,77.85583719876746,0.025797870134338218,0.10760654793113503,80.01829523014209,136.31885587844377,3.737885347263119,80.0607481134896,136.40320199277807,3.7415708546720556,80.17846172609737,136.14361870407896,3.743115755599417,79.89494480658894,136.24308621445914,3.74817537699775,80.54198626332057,136.32003520083737,3.739584989033109,80.64795387483959,136.42043195573416,3.7378498526896253,80.66758721260733,136.10365043638086,3.7449840832790544,82.7489480138817,136.7972611371401,3.715479168685784
357.26822152766556,77.85757454348817,0.02351549142451804,0.10841163385881425,80.01879999435077,136.31919835662407,3.737892716169557,80.05780957341031,136.40455898497342,3.7403860447913235,80.18483985063581,136.1467827397029,3.742437733039997,79.89898796580667,136.23388454033275,3.7481111989484135,80.54184041737508,136.32063134475186,3.7396228463510823,80.64750075031269,136.4219162303378,3.737845722088363,80.666052024443,136.10821409254677,3.7460920578728842,82.7511873477893,136.79092537820617,3.7148279357592937
357.2688855162087,77.85170130778829,0.02297083336048028,0.12729601672060856,80.01539116212031,136.31688467163744,3.7378958670679654,80.06359499620737,136.38574958351285,3.740974075867588,80.17731184535354,136.16332377499288,3.743823497429285,79.90538726605465,136.23221936720628,3.7475575730935793,80.54282421611917,136.3166235796341,3.73961811234853,80.64478498567134,136.4308342213766,3.740004277922166,80.67111319423118,136.09349118416034,3.7450041095540354,82.74667543191134,136.80888046503188,3.7152414696037037
357.2736591190328,77.84836091945482,0.02362582308199155,0.11203126961070921,80.01343523635185,136.31555723990672,3.7378900596122464,80.00160967367458,136.45064786653685,3.7419085137465755,80.13741315524778,136.16165208693218,3.7431099460838673,79.89120715050848,136.23090176110298,3.7483365598725467,80.54338908263456,136.31432513929985,3.739665329062362,80.64640891467303,136.4231638750375,3.738662352616633,80.66924149302865,136.10099728799185,3.7460609688418236,82.76497700109609,136.79537883330664,3.715030710171042
357.35323258831687,77.78575398534802,0.021457359408427492,0.11764776691644464,79.96211809128731,136.28072678204944,3.737927530725037,79.93699900839013,136.418639544302,3.7414763148456975,79.61713229429645,136.37119469052996,3.751169158660969,79.92949086502985,136.15985343139394,3.7471994118790657,80.55818198162014,136.25407947200216,3.7399106941078903,80.664157969002,136.35770281504836,3.7382674848444366,80.69526053298767,136.04134353233795,3.7463195668882063,82.89965891922989,136.7838108515804,3.713864168860071
357.26711458155114,77.85535131779885,0.02478240697305517,0.12425572982569824,80.01870913718379,136.31913672214066,3.7378906568918873,80.05815162755002,136.39391848174893,3.741621544518672,80.1765538453978,136.1325640722886,3.7431634446895434,79.86147321438679,136.24316857702553,3.748287081231226,80.5418692661109,136.3205145822915,3.73963683459414,80.64728610430431,136.4233913687665,3.7392402136207865,80.66460840902621,136.1125400910665,3.747053638428725,82.74401085680216,136.80685999614295,3.716143331690541
357.27096692607194,77.85708736758122,0.027155501051097743,0.11014685001275469,80.02085527496621,136.32059309911693,3.737906558142403,80.05563962173213,136.40818321377932,3.7409085828046402,80.17561097262258,136.15401214838994,3.743325350781688,79.8985116083186,136.22308840933138,3.747972811472132,80.5412492815484,136.32303933643723,3.7396227597960205,80.65375875778054,136.40028760236564,3.7376344476161405,80.66824862188155,136.10174610681975,3.7450224460999513,82.74643288425465,136.8048840492981,3.7159255628750607
357.2672027178735,77.85691824930124,0.027254460713397488,0.11496585884258603,80.01881078028762,136.31920557595865,3.737899243213913,80.05511560542847,136.40215020425364,3.7411763264751077,80.18785463765727,136.15521715188405,3.7426250609655236,79.90725170492307,136.2263121735319,3.7484740519549584,80.54183725343738,136.32064240196658,3.7395888661055716,80.64665959513393,136.42449851361994,3.7392206565362063,80.66606222948789,136.1081815475091,3.746096252305236,82.75047678749333,136.793393464496,3.7156037153585624
357.2682775928445,77.85452460962857,0.02779857696511203,0.11596935853586564,80.01817249043418,136.3187725569894,3.7378863636404107,80.05629911771413,136.39438903167238,3.74068193586533,80.18025862333148,136.14349544677194,3.7429266499118383,79.8973760965847,136.23596427004605,3.7482293596471616,80.54202172760466,136.31989455035708,3.739655773774464,80.6475459769338,136.42136431980342,3.7385348095047894,80.66634242111861,136.10732012321407,3.746044945840775,82.74529908112373,136.8071627658877,3.7156100202608515
357.2703995742138,77.8503428884351,0.024054019814687924,0.11660540395580014,80.01514730439551,136.31671956922557,3.737869581695735,80.11771900089317,136.34482375157015,3.7400704517884806,80.18863184235127,136.1465824145758,3.7424509095818794,79.89072828890264,136.22766029753095,3.748414622876925,80.54289612155306,136.3163337415232,3.739675076878036,80.64645486289878,136.42402459202714,3.739355006354827,80.67075724484206,136.0945175075391,3.7450209255938005,82.7504707937811,136.79300149235726,3.714837378049193
357.26734115229567,77.85238751870722,0.025769495843796814,0.11583534982542107,80.01701038197244,136.3179836799417,3.7378949363330802,80.05726584306517,136.39877063990724,3.740935872072795,80.19178299271381,136.162967165342,3.7434849331033666,79.89995584906713,136.231070560126,3.748278793465583,80.54235644590366,136.3185289784641,3.7396168894238655,80.65072153355649,136.41071746106635,3.738435460701318,80.66741793137753,136.1041993297471,3.746032991670376,82.74592216126362,136.80797238717287,3.714868909895796
357.2698668126258,77.85332644952182,0.027354513631019393,0.11869980865427458,80.01827230966306,136.31884025735883,3.7378895022429304,80.0553634982802,136.40210575983616,3.7414420488619258,80.17273483529938,136.14841396933332,3.7433882420113775,79.85845513305328,136.22721741562202,3.7484239000308612,80.54199418576209,136.3200072552574,3.7396653013916272,80.64767020842073,136.42226854847885,3.739225500223168,80.66746843410901,136.10433757048455,3.7460378613983107,82.74992540141399,136.80162658174245,3.714300435763957
357.2664070495452,77.85575003517755,0.024710839456975775,0.1152763736103763,80.01774952994147,136.31848561432201,3.737878099613398,80.06291866381483,136.3981943495254,3.7416211777935793,80.19525673148095,136.16464292543333,3.742973648552193,79.89804095788732,136.23370060930893,3.748198725974243,80.54214389719336,136.3193976442614,3.739669741122869,80.65065586044408,136.41120015460115,3.7377207824990992,80.66692626966622,136.10566605628424,3.746021568716099,82.74889707355204,136.7967765769287,3.715845987401403
357.2673950938985,77.85706715776595,0.02500776197793095,0.11612232833124111,80.02006046617272,136.3200538161209,3.737895646960634,80.05615188510193,136.40117264366972,3.7411740272320566,80.18650852191678,136.14140571534222,3.7429319650100865,79.87115030799364,136.24123157260746,3.7484669484556465,80.54147812019586,136.3221068112194,3.7396162873367165,80.6464897072715,136.42595852137174,3.739206439166701,80.66607493552759,136.1083585098838,3.7460411819198898,82.75158620719874,136.78891722543045,3.7158971916402117
357.2680227668813,77.85475583625082,0.024942157181506906,0.11765714315131102,80.01876959012961,136.31917792839945,3.737879335678259,80.0586119450275,136.4053439861416,3.7414244419046914,80.18503958801976,136.1671199065525,3.7436558947690517,79.93341214131814,136.22102886447095,3.747458640236305,80.54185123682532,136.3205906920474,3.7396863370824027,80.64775812237558,136.42201815706827,3.7385347785225322,80.666808764254,136.10619331814482,3.746039113887807,82.75429937056762,136.7826817891645,3.7146060837160495
357.2680860858593,77.85530870638216,0.025349734895044093,0.12358122767269823,80.01840784677609,136.3189323017731,3.737886651943519,80.05745870078461,136.39558152811125,3.7409597595720774,80.18402108688267,136.15321385120373,3.743407247304447,79.88578067367946,136.2356125390449,3.74828868946907,80.54195449403346,136.32016854742722,3.7396581748254167,80.650898269149,136.41059199360066,3.73838854771443,80.66485676289209,136.11178730685606,3.7470667910146394,82.7487931080196,136.80262427241388,3.7149915506549456
357.2674216921316,77.85587145903486,0.026057411340481396,0.09812074081115786,80.0182836391836,136.31884802627258,3.7378843911979187,80.05487810182667,136.3938705817985,3.7406544238248856,80.18849028339663,136.15135229301777,3.7421042159658517,79.9008974513045,136.23537402148946,3.7480304304847327,80.54198983212234,136.32002472981225,3.7396604694902176,80.64743248052224,136.4217345728945,3.738534909557114,80.66686046456122,136.10574585292574,3.745017319337493,82.74714527794771,136.80233554716148,3.714486990600905
357.4585821605139,77.71190160848785,0.02362295954756173,0.11607614021848785,79.90029641635779,136.23876826260454,3.7378613607228948,79.90661707354671,136.34827368554627,3.7420909634374273,79.51383017963616,136.3471927056353,3.752394616409714,79.90127880115396,136.08282840932347,3.748600643994969,80.57599325935014,136.18154310558808,3.7402420546124344,80.71309383043285,136.29090663124373,3.7388574953380584,80.71876592210067,135.9707339791366,3.7466296685322855,82.93105905623185,136.71168607204885,3.7135804420052976
357.26691135367224,77.85851716581979,0.020307645226533416,0.12236619119538848,80.02117154346519,136.3208077553046,3.737906548173911,80.06459789076115,136.403953851428,3.7415969661606114,80.17484123978984,136.1525034460734,3.7433017003251337,79.96686344055183,136.2242013915033,3.7471467792204693,80.54115808274238,136.3234079639951,3.7395694554955257,80.64942144222651,136.41615072019866,3.7384181649504242,80.66769826251806,136.10333176335968,3.745017706676546,82.74992631676801,136.79483912954484,3.714949078631501
357.2676604892216,77.85024640991641,0.03021650679505117,0.11618385162649983,80.01751854110574,136.31832861911622,3.737892203068265,80.05878070291703,136.39948794118285,3.7408761908137076,80.19225386803537,136.1663838440239,3.742971671809297,79.90411119186193,136.22887179880772,3.7480632526410673,80.54220998790767,136.31912609278535,3.7396264821281133,80.64791813715522,136.41996916020452,3.739226254711426,80.66676511294604,136.1060586147745,3.7460428938391015,82.74938887696058,136.79561916981913,3.715755157315382
357.2677516287411,77.85240062231992,0.025660708160394882,0.11290114827610603,80.01733516089166,136.31820418040326,3.737890611591552,80.05343306359748,136.40497936548016,3.7415683354232345,80.1843141649516,136.13819911925583,3.742187947954709,79.85555307823135,136.24502885924105,3.7487360904342673,80.54226436955287,136.3189046536121,3.7396280602562095,80.64416565272296,136.43306830314043,3.739367320988165,80.6697315964828,136.09747233883417,3.7450069871532428,82.74866164647968,136.80082637627848,3.714829126278037
357.26795652074486,77.8532250785239,0.023822925139539753,0.11991379386735415,80.01790218958384,136.31858890638415,3.737898767265309,80.04524233331664,136.40854495563698,3.7409947034896667,80.17155715970163,136.15333430434168,3.7428580298399394,79.94756856600583,136.219407905741,3.7476087381243928,80.54210066876075,136.319570144779,3.73960309727312,80.64393612812184,136.4338288103979,3.7400251222745298,80.66517010638357,136.1108369776184,3.747063089006933,82.75104703103112,136.791706387425,3.7166584682970907
357.2670994468271,77.85937526435157,0.02519464022330146,0.12219010505025199,80.01886346818742,136.31924138477294,3.7378961105045083,80.06026341648653,136.4033174448068,3.7411442545772933,80.19209587618677,136.16337045200498,3.7426697906392037,79.90325520413586,136.2372042604517,3.7479954704450034,80.5418224811857,136.32070408054517,3.739616768887391,80.65130105798069,136.40847841219318,3.7376119930373153,80.66717882536398,136.1048273829132,3.7449888894470043,82.7521617747288,136.78798960490468,3.7147559377246977
357.2677765592822,77.85192014830385,0.029122934904019647,0.12554457735890379,80.01779974807934,136.3185194247984,3.737895718879763,80.05428586143918,136.39412500945693,3.7408856747965302,80.1912481505855,136.16121823675613,3.743165089419084,79.90194044300101,136.23364377083504,3.74839702545782,80.54212865277107,136.3194567516925,3.7396142281927442,80.64803811801801,136.41955333139276,3.7378401131765315,80.66600827196146,136.10829472332938,3.747056489099029,82.7484107266611,136.7977322303462,3.7150800729299767
357.26787794975127,77.85233698819351,0.024884361645084847,0.1139384504264796,80.01631459829757,136.31751140493736,3.7378971345619867,80.0513391638858,136.39062789837973,3.7409875683572693,80.17605889680009,136.16800762886717,3.7436011055759773,79.95406960233915,136.21597046549905,3.747629812466964,80.54255946816643,136.317705245131,3.7396777467933164,80.64537287331201,136.42876254583942,3.7400381970345937,80.66801522648407,136.10292370726174,3.746018168781207,82.75514146708673,136.80266631224103,3.7143948460909955
357.478937339328,77.70032404478,0.029422075197268072,0.10880251842979555,79.8923516816774,136.2333751885377,3.737922544934623,79.86195915991519,136.39125285935773,3.742280982319018,80.42290886432006,135.84166927526138,3.7386038079474657,79.86472980498634,136.08118716106554,3.7490044252315218,80.57828268611364,136.1722261173941,3.7404163448700745,80.70951429023454,136.27771771437185,3.7390121725148635,80.71067944970324,135.9728482493778,3.7478324586943335,82.91010441249537,136.68783876052134,3.713917441565299
357.2776367535069,77.84806914286804,0.025952753706211338,0.10543569141890823,80.0140726650771,136.31598971468716,3.7378999606609398,80.04442966147853,136.4139637016046,3.741030097623482,80.20002510054378,136.18128370071474,3.74337718247366,79.89688916133447,136.22742135931446,3.7480344426467904,80.54328943706072,136.31472741568433,3.7395979640836123,80.65336084565398,136.40381768604013,3.7384201503701857,80.67251559655348,136.08945067225181,3.745017461390346,82.75648297119102,136.78162942195485,3.7147195672556608
357.2674515172621,77.8546636429453,0.02693903990886628,0.10931777128530541,80.01809663855164,136.31872087111418,3.737899493160447,80.06034509837848,136.40369503813196,3.7403811424288564,80.1919735166547,136.15779081598788,3.7428113213500316,79.90264217874713,136.22576423010688,3.748049387285619,80.54204318107499,136.3198042760033,3.7396022521792127,80.64634666376608,136.42542461631865,3.738629984120702,80.6657172467667,136.10917913861238,3.7471003077857095,82.7519034438669,136.78808696900293,3.71565523624948
357.27056678330547,77.8496397527176,0.025353582431457862,0.12389612945936733,80.01505876330668,136.3166593155398,3.7378798311540007,80.05322055568335,136.40193318260654,3.7412104963955706,80.19118342078784,136.1438855068315,3.742711244940242,79.90776253240277,136.23267119799044,3.747887876519566,80.54292036463303,136.31623529271826,3.739680743323938,80.64512719810527,136.42962934640053,3.740046415363273,80.66911751729295,136.09933148961218,3.7460549889780923,82.7468667414621,136.80421702740284,3.716020753639801
357.26688819351335,77.85260470716226,0.027746954118521547,0.11724167221155753,80.01582998582164,136.31718263451535,3.737887805843542,80.05279379839,136.39671779143632,3.7405776811763416,80.18618320726002,136.17492312493948,3.743320900552839,79.86076043949784,136.2331303702275,3.7485469297934464,80.54269893135198,136.31713485144553,3.73963524595806,80.64534444831679,136.42887227688837,3.7386448735607214,80.66865874755891,136.10077257169448,3.746024589578469,82.75067590151251,136.7926617109729,3.716648047858125
357.26868642481895,77.8544532321812,0.023379814072306413,0.094208790712016,80.01766809731878,136.31843059390587,3.7378620389494817,80.05209052377322,136.40308822016416,3.7403992978295593,80.19441827563438,136.1725796154014,3.743072298413963,79.93659548700566,136.22502181958242,3.748396300670576,80.54216787499752,136.31929967389115,3.7396642406755145,80.65188433957104,136.40819164722419,3.7377133152681927,80.66733399619322,136.10462446714823,3.7460082019948877,82.75089934099425,136.79198823024092,3.7149708152749437
357.2616981992413,77.8598084935671,0.021049429589906184,0.11838656431830603,80.02138108203076,136.32095007009138,3.7379002804748054,80.02914675218383,136.43820181761262,3.741727577794595,80.17972746728145,136.1403521973693,3.7433786068743946,79.91566378820882,136.2412779643949,3.7474375894900516,80.54109832507028,136.32365248153937,3.739589824748188,80.64849417435887,136.42594368943978,3.738482948368105,80.66414955767968,136.11393078023366,3.7470313762314595,82.75205625062529,136.80619378233123,3.7137054446763442
357.27101237305396,77.85161456931273,0.02690427114237886,0.1172225099780835,80.01523645218528,136.3167796395605,3.7378976465487406,80.01568305506332,136.44162221708334,3.7416749445824564,80.19742012479784,136.14888251591256,3.7422549970324,79.86904671795457,136.2328110218928,3.7487540052146806,80.54287133811776,136.31643050416042,3.7395972926161605,80.65054948838859,136.41376620810055,3.7385339784006284,80.66523896183307,136.11062586765792,3.7470074417514114,82.75055315619264,136.79218463814874,3.716170796046312
357.2696762672037,77.8514211600951,0.02958480084848674,0.1240835738842449,80.01635069861716,136.31753618660352,3.7378791086670966,80.03425716026503,136.41967403990532,3.7416256781262844,80.17967838374479,136.14890378974286,3.743081552812686,79.8517181618268,136.24347637339386,3.7486893541604176,80.54254811623255,136.31775000693165,3.7396502786643455,80.6510806116571,136.41134653187314,3.7383919779742234,80.66792244605831,136.10317309506542,3.7460043149103845,82.75090024101544,136.80069900419178,3.715360135986428
357.2700265857504,77.85055293909545,0.021139438524645976,0.11884215290835515,80.014391261964,136.31620597916864,3.7378985867363625,80.00643610213886,136.45104231995666,3.7416478351810016,80.18559695583362,136.1648935648915,3.742779584985089,79.93384973671844,136.22150096948448,3.7476873577501504,80.54311246356158,136.31544800905453,3.7395922649797377,80.64966695087732,136.4187285712562,3.739224472359989,80.66666525532516,136.1063008295894,3.747022303584468,82.75507755390758,136.78979803412562,3.7148103911021733
357.267386237531,77.85389254878142,0.025770755853851746,0.12131535337666538,80.01806354339261,136.3186984871068,3.737894451321892,80.06165420041663,136.4031763024891,3.741469068380622,80.18821494895667,136.15778405024955,3.7428257556622033,79.90131363310458,136.22501229577054,3.747749428895308,80.54205250456405,136.31976725375694,3.739620016271621,80.64753264862155,136.42116440296707,3.73853251784959,80.66597786597016,136.10838771478507,3.7470754133133397,82.7484978939979,136.79706282202315,3.715250970733502
357.2798355254081,77.84228649817165,0.02492906255135097,0.11945093552734665,80.00924408182603,136.31271216900691,3.7379195893759785,79.96544332851937,136.46770402960732,3.742271433863194,80.23067259243449,136.12097545924337,3.742626931380797,79.88555225041237,136.22201864935025,3.748598074381765,80.54459872422254,136.3093973925057,3.739660482838645,80.6558417674593,136.4070784272117,3.7385170408569235,80.67320410778817,136.08746736445158,3.7450315177764755,82.75729699023626,136.78251930399614,3.7153091106992644
357.2674849565665,77.85257794877916,0.02633449866276035,0.11552618066040024,80.01766259852357,136.3184266890775,3.7378731603509228,80.11180987905801,136.34501931208607,3.7402813975328812,80.18760324149368,136.1537185753591,3.742803995230658,79.88340685387406,136.2322058029367,3.7485217449413173,80.54217095970436,136.3192855923273,3.7396360868350804,80.65053802238056,136.41700159278943,3.7378224201395374,80.66535137507223,136.11028685627858,3.747054029859997,82.75613450720738,136.7860661971478,3.7159546936354397
357.26790950858236,77.85654489161448,0.02739994223299602,0.12742719026532218,80.01879084688849,136.31919231892093,3.7378817024766136,80.06019145787042,136.3957029483163,3.741335669844488,80.18392050025896,136.1425830091888,3.7426632665851725,79.90145466614275,136.23650489234407,3.7477744889026687,80.54184432337979,136.32061771586947,3.7396652093569296,80.64766833383325,136.4215144731,3.7378538006122746,80.66736007497612,136.1043071995256,3.7450420499154315,82.74662530502354,136.80257306563817,3.715991706399185
357.2673567245465,77.85426071606862,0.025600691837072257,0.11252577524553205,80.0169582409212,136.31794821848518,3.73789958805038,80.07779070506531,136.38049042299215,3.741288264167566,80.19229133702623,136.166987767839,3.74285956600592,79.92510924385951,136.22935618723008,3.7482604755485043,80.54237263306905,136.31846240812789,3.7396051595308304,80.64873356452779,136.41900835728225,3.7385293064295806,80.67083101442405,136.0943032628892,3.7449781309333816,82.7513377686695,136.797654759177,3.715655735463882
357.2693250993136,77.8549657210827,0.026355564884976392,0.11327446789774627,80.01927054106726,136.31951791318073,3.7378806023536097,80.05816075416679,136.39661073175128,3.7404343194998058,80.1886682149377,136.14821295185186,3.742932386538487,79.88711366126451,136.236376392986,3.747940247236343,80.5417063862853,136.3211800998451,3.739674427821004,80.64660945328971,136.42539095958094,3.739248805964056,80.6664572069411,136.10719127551988,3.7460696422566477,82.75434590155547,136.78430170336512,3.715606266828225
357.2676968223733,77.85642111384485,0.023362260152771566,0.10421862020931588,80.01826574862118,136.31883602081595,3.7378755507753647,80.05791347730077,136.3955137650929,3.7401037598703426,80.18484148951688,136.15255753200447,3.743011612277694,79.899790030016,136.238661138599,3.748177511897898,80.54199536756127,136.3200040351663,3.7396948686973976,80.64777733980658,136.4206897069171,3.737848914434303,80.66630605799853,136.10743412037405,3.7460435320581342,82.74983890407489,136.79461985667038,3.7148955208442027
357.26903462914015,77.85390556002828,0.023219906381865704,0.12256664502834859,80.01796511422715,136.31863176845013,3.7378888464618494,80.06466945646771,136.39294501161962,3.7413640264865333,80.19157999923004,136.16331334424737,3.743356003699884,79.92895250490545,136.2231418237595,3.7479595065439457,80.54208264943928,136.3196458893888,3.7396465786348334,80.64755165200155,136.42225333981915,3.739226145346399,80.66722411750733,136.10495433667043,3.7460380827531745,82.75297471656417,136.7891691885599,3.714717426507882
357.39895178055485,77.6886353405634,0.023973737407907533,0.12241631066973632,79.88187751110344,136.2262672465314,3.7378519416436813,79.89420109836625,136.32416410099708,3.742238482921727,79.25225151552932,136.4287471208123,3.7552895393725887,79.90613346067519,136.06151190027313,3.7480254017752976,80.58129844465837,136.15992311123364,3.7400723225830386,80.75467677968949,136.27821765730278,3.737440484385272,80.72247371941006,135.945515893008,3.7454758184254247,82.90786642629196,136.67260970704416,3.71378684987377
357.2843837329934,77.84481865886168,0.022860230958279305,0.11485636230305035,80.01162795940422,136.3143309978044,3.7378649438386202,80.10866273818122,136.32015340511342,3.7392364650132888,80.15326130734977,136.16658634771775,3.7433901495749393,79.9331354948029,136.2228244551111,3.7475091334499893,80.54391011531993,136.31220472016327,3.73970281610615,80.65394219695985,136.3996780843976,3.737676485118746,80.67079788068038,136.09569190041412,3.7461645681861784,82.76378210604759,136.79020068800608,3.714872631151759
357.2716014089669,77.85158581035148,0.025028992146119363,0.11468257929609187,80.0176257201007,136.31840125878315,3.737898855557278,80.07150504439221,136.3876305074845,3.7407268612650983,80.18512919855108,136.15327866366965,3.743134163680602,79.86912118286989,136.23379662497527,3.7488340437435395,80.54218135772122,136.31924392568223,3.7396489090373466,80.6495032511189,136.4171024688851,3.737845316227905,80.66509052908191,136.11107832125725,3.7470632438332063,82.75551654517969,136.78229282219624,3.715660625039355
357.26650383228883,77.84225938688097,0.02450899506404732,0.11384629451485802,80.0073389584993,136.31141935235723,3.737904636284233,80.03653556175547,136.41083556144665,3.741053727297356,80.30281025326329,136.06935659800024,3.7413535183881526,79.89642411295203,136.221638638538,3.7480726583155315,80.54513912595179,136.3071918600083,3.739582561516787,80.66664465409336,136.39973047665399,3.7375723593001178,80.66930518987208,136.09829415362248,3.7470149706656937,82.77315116344028,136.80243078742754,3.7151824272377825
357.270162660694,77.85306061594311,0.02827085111180656,0.1196264823341007,80.0184412881778,136.31895476593442,3.7379011108140734,80.04743811830309,136.39370916606126,3.740905400491782,80.19009608399314,136.15794242188883,3.7431224284086135,79.87599029736657,136.2388490906766,3.748542919132786,80.54194485370157,136.32020545432565,3.7396141505500853,80.64801620906282,136.42108294361282,3.738529035522241,80.66709828245914,136.1053349473126,3.746057475313826,82.75366971202459,136.7845928254148,3.7147581500463978
357.26746951435706,77.85771967804266,0.02400409192079062,0.11100117487547813,80.01892155332933,136.31928087229133,3.7378919823454497,80.05707329339076,136.39853848894515,3.7412407291693373,80.18117221218216,136.14330171800336,3.7433281496683914,79.89905397539692,136.23898207065437,3.7484192693487777,80.54180596024862,136.3207723797814,3.7396353533329605,80.64666186427522,136.42451412569167,3.7392245498070023,80.66597491324062,136.10844250746268,3.746022846524786,82.74911674139662,136.79517310605996,3.7154799249249058
357.2675946189181,77.85577642675753,0.02780641714075366,0.11055361094514267,80.0181446708238,136.31875373784013,3.7378823352230492,80.05884830784335,136.3995470877452,3.741393468118635,80.18341825171305,136.15316224579487,3.7435623709775623,79.8968140294412,136.2368817973049,3.747797037470439,80.54202989434286,136.31986207844113,3.7396705374021866,80.64651187583452,136.42492793905635,3.7379608214046995,80.66636448462314,136.10725418969406,3.746021905267046,82.75150221636449,136.79066699987317,3.714744539887047
357.26804096527707,77.85254902222795,0.0263860438366426,0.10996211444629495,80.017429959932,136.31826845981317,3.737894628453897,80.0549279425218,136.39003493385366,3.740066042320607,80.19012177635906,136.1664631668852,3.7431230545972087,79.89947724715405,136.23391612396668,3.7480848369754107,80.54223559095432,136.3190213892123,3.739618883017386,80.64583485081867,136.42715207723023,3.7393219893205845,80.66711055606181,136.1051055829676,3.7460432761524323,82.75170309062528,136.7888822694587,3.7152039931394634
357.2704964408524,77.85546658921928,0.02375579553747085,0.13325492870375502,80.01990087003578,136.31994534724728,3.737897433788872,80.04626220154837,136.4170073940051,3.741285746690838,80.18751005885014,136.15733224297082,3.74302756915843,79.91829617075788,136.2343565916527,3.7476475170565755,80.54152437230793,136.32191707190975,3.7395904677312015,80.65321851168994,136.40208735489477,3.7376493791165695,80.66885540808165,136.09999589045887,3.744971712809927,82.75172745581561,136.79094779474883,3.7149837728160304
357.26775918653425,77.85405433366186,0.0206981745543294,0.11802089499456202,80.0172160572761,136.31812341621333,3.7378858702828053,80.06607748750409,136.40036377260446,3.741108421569619,80.19038101359774,136.1511854980414,3.7432195277629408,79.93470029976952,136.22737472260167,3.7476831000245845,80.54229883693975,136.31876577245365,3.739656313212454,80.6483663433667,136.42042060717728,3.738538316466273,80.6694411257,136.0983086500531,3.744989769862793,82.74989206965478,136.8077771236416,3.7151040608499213
357.2699702423714,77.8537134506364,0.01880378880689031,0.13093714572422907,80.01751258355996,136.3183241874444,3.7379172041130224,80.08432511568155,136.3753568218026,3.7400808160575654,80.17835710826955,136.13296461717465,3.7429652845081978,79.9203583996429,136.22714077050958,3.7475772500184292,80.54221311170075,136.31910933977326,3.7395517107508733,80.64509800798919,136.42973205314252,3.7400415305792323,80.6678597038431,136.1035923500285,3.746060068408852,82.74877357557264,136.79859525873107,3.71442178929474
357.27177731670804,77.8545961089648,0.022218451843784376,0.1280628287260455,80.01751639245752,136.31832717120685,3.7378915198910656,80.00310421588874,136.44724566845474,3.7421204100003855,80.17945453599685,136.13030199863414,3.7426004159827624,79.93745128178944,136.22513500480298,3.747611641234339,80.5422172963332,136.31909799095635,3.7396574533907527,80.64939019503854,136.4231891605766,3.7392104193965,80.66804863924243,136.10432933129434,3.7460012800424956,82.75088184654633,136.79354341136258,3.715358328376715
357.2688054726591,77.85742070190457,0.022742311552860783,0.11095258084885157,80.02120358533236,136.32082967698216,3.737895312642061,80.06981583381749,136.39356438260825,3.7416146304444142,80.1918630179508,136.14887320408022,3.7425921509677162,79.9210083342193,136.22850664876006,3.7478255857096427,80.54114913965469,136.32344728751164,3.7396232058371246,80.65118401255938,136.4109777687046,3.7377238182534267,80.66554780307868,136.10994970963563,3.74606144067112,82.75327129410641,136.78921487127508,3.7154645485737814
357.2670212691816,77.85531784670538,0.029352017872803008,0.1193919275493625,80.01825637844142,136.31882912694684,3.737909964820262,80.05051669331932,136.4129284942927,3.7409533025847828,80.18537785097116,136.1413724665844,3.742621947387817,79.85456080651082,136.24426517354593,3.748574082894778,80.54199811604273,136.31998572132068,3.7395627692161524,80.64696627889104,136.4242343632222,3.739216636629074,80.66971745004655,136.09751089901414,3.74495075790573,82.74957981514389,136.80228704013703,3.7139423356710606
357.26752671342814,77.8555580460676,0.0268272567314875,0.12534039406607375,80.01806660670086,136.31870055962273,3.7378948770194707,80.05549941084259,136.39550506241122,3.7400495166343535,80.18676230274231,136.15353743427454,3.742959929904585,79.90261851011839,136.23622873497672,3.747975089652178,80.54205160655427,136.31977082445138,3.739618395014909,80.64698150462166,136.4230889222068,3.7393466771702086,80.66642002007347,136.1070145407251,3.7450062045600916,82.74856732893136,136.79695265833914,3.7156242328660527
357.2680494601461,77.85548897982854,0.02291420910416641,0.12080185984677233,80.01821755599148,136.31880303492386,3.737893376015717,80.05864592024707,136.40141340094922,3.7414032315680608,80.18081493727955,136.14466884206112,3.7431237343391124,79.89759423487838,136.23182961192154,3.7480866112116424,80.54200847974896,136.31994688711848,3.739625548854308,80.64752081525313,136.42147124531928,3.738547566608081,80.66559707599907,136.1095423020181,3.747068880374086,82.74704850288285,136.80220638929032,3.7152409195696032
357.2671770063018,77.852179269225,0.023853210351983446,0.1142830406294846,80.01581925279206,136.31717525926362,3.7378936323907994,80.05704017123554,136.4018890664404,3.7412816223357757,80.19717152119078,136.17419499336927,3.742945228954014,79.95417862068592,136.21674129940288,3.7476711264253044,80.54270143939755,136.31712389129842,3.739621469314218,80.64875138859888,136.4194781739631,3.7385361949844027,80.66986203242652,136.0970967818277,3.745014267635609,82.75418784245798,136.80506977389499,3.7146773329784035
357.26845774318616,77.85395860760788,0.024871707600054284,0.1132071268941787,80.01799684217147,136.31865336529083,3.7378848176767634,80.0782319207069,136.37770022200505,3.741106693119747,80.18270508999676,136.16446583928325,3.7431585085542793,79.92196887705846,136.23025077520828,3.7476829546260255,80.54207404346747,136.31968165940697,3.7396598232349425,80.652006640927,136.40747678378418,3.738418430253929,80.6646745530687,136.1123401797421,3.7470704404656385,82.75095609132765,136.7968419500782,3.71522012989007
357.27584126438273,77.84531830796124,0.024234824155776505,0.1276739801769294,80.01112861965122,136.31399121461456,3.7379211083393717,80.0112434869391,136.43403473779082,3.741951157120687,80.21116557306058,136.12400499355323,3.7426145559566737,79.9330810723418,136.21484234106146,3.7476398862640448,80.54405306873613,136.31161863695286,3.739632877469473,80.64740375091985,136.41959498230025,3.7386936052904187,80.6704617207269,136.097254559894,3.7460725323873825,82.77383913929422,136.7880717062051,3.7140113468026015
357.27147086259794,77.85077397243442,0.02227337795059598,0.1089767694814689,80.01436988142052,136.3161915324766,3.737894436717587,80.08256885623221,136.36934852519636,3.739870823508162,80.19936583482092,136.15538420858584,3.742795125611841,79.92400113018229,136.22785234177604,3.7476978407612473,80.54311992883467,136.3154214578042,3.7396638303392087,80.64590534669271,136.4263054495867,3.7387081222222456,80.66921482779487,136.0996699528855,3.7460623537720608,82.75752699310179,136.79451920962498,3.714614179636636
357.2630700699814,77.85295529632123,0.027686611351542042,0.11607796581430495,80.01449980637753,136.3162800412712,3.737873412209858,80.11554743831859,136.34160379882704,3.7400051666386394,80.17794473317898,136.1782998234829,3.7431595464118343,79.88193521822433,136.23067248371282,3.748456408673327,80.54308168881951,136.3155754574774,3.739631029518588,80.64560750524359,136.42793320284548,3.739998389333645,80.66809882386728,136.10308510248035,3.7460278076732796,82.76202022811242,136.7994287302929,3.7144710136685015
357.26751989020664,77.85724947366612,0.02296311510357786,0.08897996658523212,80.01880275029848,136.31920001821706,3.7379061736531813,80.05896688771647,136.4006619416677,3.7399629938285153,80.18534155939795,136.14707058259776,3.7425847294405323,79.91347622791567,136.23341233264233,3.748249410484597,80.54184012707366,136.32063045293143,3.7395843444236063,80.64954314344996,136.41496660943437,3.7377447077576926,80.66615215262118,136.10794079434285,3.746033919092137,82.74757644712335,136.80033494680472,3.7152470673936233
357.36588368332457,77.77457575246885,0.023523564958853084,0.1167711473790536,79.95070962584022,136.2729841995122,3.737894050137515,79.9551412510219,136.38763580755608,3.741510130563083,80.55232463591516,135.8587472468972,3.7369056966083014,79.9046964669659,136.1510562643734,3.7482989375724824,80.5614583564616,136.24073715324704,3.7399869204542484,80.70729304541987,136.34159961989005,3.7376119872549314,80.6979795168146,136.0304103286981,3.7463350369112156,82.77199329585969,136.71588081234626,3.7160370111251315
357.2882456092402,77.83607486833615,0.02592168329370646,0.11771213896097478,80.00428904657211,136.30934987089162,3.7378697664594913,79.9866905194731,136.45455054828568,3.742649358102251,80.18388923400057,136.13039740806164,3.7422923748431796,79.92667308457148,136.2058275781027,3.7477471414955033,80.5460257824987,136.30358619816892,3.739696379661241,80.64947675373077,136.41199058871933,3.738726651450127,80.67287204867509,136.0900376509077,3.746097775755239,82.77257113684337,136.79623809191622,3.714402356834665
357.25915187962215,77.86097153899196,0.02173087504165613,0.12235545639859773,80.02201208034865,136.32137843695813,3.7378939979045884,80.10462128417524,136.35662524996138,3.740183504872261,80.15832401587592,136.1603978217126,3.7428293024919412,79.91991720043437,136.23385187704025,3.7481137367414643,80.54091651358705,136.32439432209264,3.7396126572888497,80.64686941735827,136.42972062854136,3.7391750927133,80.66470504638873,136.1122446166791,3.746995377517557,82.75443533263974,136.79338460671815,3.713643460595358
357.2736651755602,77.85133232241488,0.02378443591806504,0.10237955935495276,80.01706323000711,136.31801961085262,3.7378909315659423,80.06080724151053,136.39072877110232,3.740071546747201,80.18257507011678,136.15686009285088,3.743358164307911,79.92880393031439,136.2179327629863,3.747704550764944,80.54234350243034,136.31858377550984,3.7396553481163184,80.64562923411955,136.42785905421664,3.7400510441441246,80.6700732847603,136.096487949024,3.745011384168205,82.75465007871229,136.78591413112022,3.714623043241767
357.2673205321111,77.85615582882313,0.02627843072985007,0.10609244787728923,80.0182043176371,136.31879411537597,3.7378891532723526,80.05881094318569,136.39639391680853,3.7408018934219998,80.1881440914717,136.1561238874534,3.7430439968385865,79.89890794439144,136.234643120751,3.7482300592285354,80.54201249800464,136.31993135118736,3.7396409992006654,80.6490191735754,136.4163128419238,3.7377178255266754,80.66630509257512,136.1074276744588,3.746042395527398,82.74803559258912,136.79932641836598,3.7157909957589377
357.26738748556454,77.8543406868546,0.027952401917218213,0.10319167911911059,80.0181507626205,136.31875782831509,3.7378851783503104,80.05176639750083,136.39366971667778,3.740421645035087,80.18793801620312,136.15154273027855,3.7423583556278173,79.90164615736653,136.233876231971,3.7479310562238792,80.5420280303718,136.3198688990754,3.7396562029141682,80.64640272495777,136.4252223546732,3.73865419197248,80.66570763376797,136.10920651710725,3.747057015827096,82.74744587698818,136.80076733936966,3.7152911662493997
357.26986133942654,77.85388309389326,0.02402964561693283,0.11114517903421917,80.0173692715826,136.31822724948765,3.7378959173048587,80.0544232735228,136.4008135527632,3.7409111396206085,80.18782479905077,136.17322545004401,3.7431209590223387,79.94617072094178,136.22361654471118,3.747522187150739,80.54225370903812,136.3189475051884,3.7396174110959004,80.65147440843849,136.4087647750983,3.738450402279365,80.66963420924431,136.0977531377581,3.74501127348073,82.74965270465226,136.79800158974942,3.7153609313772047
357.2714610385737,77.84773405798586,0.026771602159035943,0.12888641526086064,80.01355942550444,136.31564132589742,3.737903181924771,79.9659230641666,136.48236673364912,3.7425603000759415,80.15514411926827,136.15356866709416,3.744036262233493,79.87388684728683,136.23215346257481,3.748587915003748,80.54335268276037,136.31447084478836,3.7396176308168085,80.64628654397927,136.4244981466253,3.7393588742286887,80.67025036905909,136.09597752322415,3.745006359310704,82.75433402114169,136.8034583448988,3.715842206866683
357.2686469643901,77.85379844301498,0.027276780387299384,0.12169157946370779,80.0177854145442,136.31850991644978,3.737881542362108,80.05213055552115,136.39445734452755,3.740858053659885,80.19647118291974,136.1715939956392,3.742923426106315,79.9090284624178,136.2286057731211,3.7481767225642977,80.54213386638904,136.31943864666036,3.7396723740515183,80.64843415031734,136.4186232278814,3.7378532042872816,80.6668477643063,136.10587249613658,3.7460261306176155,82.75231551414589,136.78865217064495,3.7156451850713488
357.2680653132661,77.85327794538843,0.028800668659429363,0.12721715719382554,80.01758687593356,136.3183749221603,3.7378971661191227,80.06070277825675,136.40237594784097,3.7412730578573834,80.18972697877801,136.158154140076,3.7430030507792904,79.89986492771078,136.2363059171019,3.7481120220960924,80.5421877976313,136.3192168944416,3.7396340830673145,80.64806526724652,136.4195611639714,3.7385369456298747,80.66756218279214,136.10372377733793,3.745015221354928,82.7509663984017,136.79096560348853,3.716275634234866
357.26968998876526,77.85801991405933,0.023069963695315006,0.11158381655595793,80.02266951818716,136.32182464197956,3.737894724121744,80.08248828813629,136.3558052051306,3.739398344461231,80.17889507689826,136.13979815068026,3.7428728369597515,79.87615738193253,136.24246344786056,3.748426015550422,80.54072730284523,136.32516527061958,3.7396163059726892,80.64857720098452,136.42138191798492,3.7385652868522734,80.66627909332907,136.10816472997104,3.746042003978193,82.75459027627154,136.7904321931736,3.714815520157443
357.26833464717316,77.8529203357598,0.02193188783664339,0.11511901786088431,80.01744597990741,136.31827922113584,3.7379018270983373,80.0520176844418,136.41384361295636,3.7410385658483793,80.18623046138778,136.15525161746618,3.7431994533777115,79.92939599185108,136.22506231455836,3.747629958262698,80.5422310333205,136.31903825997833,3.7395874279616113,80.6454773617406,136.42887146771284,3.737990356904892,80.66769104283385,136.10360875517406,3.7460026799129826,82.75287888083595,136.78818785340798,3.715240490167314
357.2693092993361,77.85232252922049,0.027587875308697503,0.12203939199809122,80.01680616979252,136.31784507049613,3.7378953843746308,80.05146977465188,136.40213224299464,3.741074884758668,80.18375913946811,136.164760023946,3.7436174234662616,79.88956577609534,136.2372571076839,3.7480949978636144,80.54241646506367,136.31828421796178,3.73961183677608,80.64540238240062,136.42871406697054,3.738659017132836,80.66992099757937,136.09692771793397,3.7450358607197316,82.75408584844189,136.78905906832398,3.714731722895729
357.26765654884923,77.85932173270949,0.02228077382929318,0.11656623577268449,80.01965875764333,136.3197811805123,3.7378949312926864,80.0600748030103,136.39962680268619,3.740738302692116,80.18176667058182,136.15038520301235,3.743104809871778,79.90151996061016,136.23402481249826,3.7485600083892185,80.54159319790274,136.3216380190429,3.7396158730038374,80.64700573090755,136.42392461342854,3.7378426821776745,80.66557816904789,136.10963780097086,3.7460339758615873,82.75273202320247,136.78626387691187,3.7160641319848704
357.2676187648262,77.85140728817059,0.02774762691298261,0.10079673230960967,80.01775196789876,136.31848691292365,3.7379010386518665,80.05600093593463,136.39402217853333,3.7402937592375562,80.19936809146922,136.17613123472643,3.7431659293925827,79.90118698937479,136.22272101434106,3.748341191137027,80.5421420447952,136.31940104185873,3.7395927447609547,80.64814695723972,136.41924204813913,3.737841825510951,80.66599132138968,136.1083457753525,3.7470478296486656,82.75076185005442,136.79227356423812,3.7152372055035765
357.26753957350974,77.85598865704442,0.022022455410665675,0.11851395646288047,80.019995839031,136.3200099882394,3.7378934009113447,80.05960443386854,136.3942171825605,3.740788360136699,80.17800091587188,136.14943514931693,3.743150507972818,79.93229006951012,136.22160479374182,3.747419605317503,80.54149462204258,136.32203698911,3.7395679971402913,80.64744238855452,136.4232799471895,3.738516083342922,80.66634884352659,136.10757830904865,3.746042886744465,82.74765482242128,136.80361414115754,3.7145867178208034
357.27812117223687,77.84698777886912,0.022965167124109908,0.1188022283505847,80.01242914551248,136.3148743374326,3.7378933028958756,80.00086899576539,136.44278793706235,3.7418655631320332,80.14643541713541,136.15656869656965,3.743270623138757,79.91566317742505,136.21984301796826,3.7483741898281333,80.54367871776323,136.31314511247052,3.7396617486199246,80.65272291667809,136.41555543613157,3.7385327716381473,80.67071590414425,136.09463790707213,3.7450530813554144,82.75034781238368,136.78806402486927,3.715130167636172
357.26770169491954,77.85448566623927,0.02767588660446807,0.11086542620973025,80.01807790957767,136.3187084682797,3.7378795979617516,80.06066718465875,136.39547469285827,3.7407126977615315,80.18630262557394,136.1492555989195,3.7431068296514725,79.90174320767355,136.22992364521707,3.748589040610652,80.5420490767274,136.31978422439164,3.7396758365622667,80.64764455748126,136.42102565472172,3.738530021332353,80.6671476975581,136.10491765943723,3.745003747808118,82.74561284946871,136.80658905993246,3.715392710847324
357.26773017676373,77.85699737441453,0.021744961291505476,0.12390791610876518,80.01975627960095,136.31984749719774,3.737886753413658,80.05907001998004,136.3962455523642,3.740710741781377,80.17992726539906,136.15457586994867,3.743158332830012,79.95256405451039,136.21926409749716,3.747885064553474,80.54156674789485,136.32174760519936,3.739650046196993,80.65153702681093,136.40972591554205,3.737716833094983,80.66641189238595,136.10739171371924,3.7460370576968853,82.7461611143275,136.80922201993664,3.7158875040636272
357.2629442418515,77.85539245439793,0.02563317820008673,0.12454524234462233,80.02061058239764,136.32042705333933,3.737904452308515,79.97771716497911,136.48166385916446,3.7420580227462232,80.18823764187103,136.15170435817762,3.7427937296581906,79.89519557326744,136.23783057066495,3.7483237921622314,80.54132004885584,136.32274803989378,3.739566603430388,80.64907164203161,136.4214399420525,3.738505016331221,80.66944965423615,136.09828270451013,3.7449550859700618,82.7543728087081,136.78699165938687,3.7141949452463434
