Parameter,Mean,Median,Std,Median-68%_lower,68%_upper-Median,Median-90%_lower,90%_upper-Median,Median-95%_lower,95%_upper-Median,Median-99%_lower,99%_upper-Median,Mean-Std,Mean+Std
rt_N,357.2771971873904,357.2680492213424,0.0348153316991024,0.0007237403869453374,0.0036858775077917016,0.0015986195625714572,0.056322177745983026,0.005076668161621001,0.12346223733567285,0.007764229489680474,0.20183006341335386,357.2423818556913,357.31201251908954
rt_r,77.84654299605931,77.85388782133734,0.029612435384072,0.005219981899458048,0.0031580969827871286,0.04638811847561897,0.004405581190241037,0.12788453045376968,0.005475398394764852,0.16005100739755562,0.006566162440563517,77.81693056067525,77.87615543144338
rt_sigma_r,0.0250158940581747,0.0249749595797189,0.0023600875120973,0.0022043473695576993,0.0026798043137641996,0.0036924566573713,0.004002955514235101,0.004197752642384801,0.0044313527195445,0.005501954666087501,0.004960438069110999,0.022655806546077403,0.027375981570272
rt_sigma_t,0.1162687835955022,0.1165858198642423,0.0078243472977334,0.0071134062202993925,0.007234733166324406,0.013840806615418602,0.01097710485246381,0.017862980965932793,0.012115288426284898,0.0252790265425914,0.015637695413623615,0.1084444362977688,0.1240931308932356
rt_x0_0,80.01157169523935,80.01776869122148,0.0242812160298748,0.0036246942219548828,0.001095218920184493,0.03685755712959349,0.0032605314191727075,0.10612930273013887,0.0035724540521471226,0.13123017421263228,0.004608267127537147,79.98729047920948,80.03585291126923
rt_y0_0,136.31429239265583,136.3184984146867,0.0164800743688022,0.002460263730057477,0.0007432905744053642,0.02501608759811802,0.0022127453334519487,0.0720315662779285,0.0024245669550850835,0.08906813396248481,0.003127666058333034,136.29781231828701,136.33077246702464
rt_alpha_0,214.16542441009094,214.16552277341972,0.00073849390027917,0.0007735164668360994,0.00042055321605971585,0.0013666081410974584,0.0011705401823007833,0.0017660909251731027,0.0015613054960681438,0.0021419177555230817,0.0018217420692394626,214.16468591619065,214.16616290399122
rt_x0_1,80.0463111560632,80.05705673231316,0.044023215170391,0.03814238994091568,0.007595548384983886,0.097279546417397,0.04978735156537084,0.14360372342667915,0.057649755171794936,0.18074990978725225,0.07435953906450266,80.0022879408928,80.0903343712336
rt_y0_1,136.39925518843472,136.39941182387233,0.0300753435620628,0.011780044370652831,0.01686508395664532,0.05450007007002,0.05145299204542653,0.07132379086351648,0.06533267243761998,0.09682299743656131,0.0826421306311147,136.36917984487266,136.42933053199678
rt_alpha_1,214.34521652420935,214.34547822201313,0.04071530388937804,0.04123007344543339,0.033824811212724626,0.06029579471359625,0.06594849481140841,0.08764417873541674,0.07130472253905396,0.11459251929210268,0.09026351577003311,214.30450122031996,214.38593182809873
rt_x0_2,80.16767852210734,80.18535970518457,0.1430190088379023,0.008623939797388402,0.006922639283857279,0.043886532087356045,0.020792655243454305,0.45947053933460325,0.10121957439224616,0.8167056841276974,0.30937491237077097,80.02465951326944,80.31069753094523
rt_y0_2,136.15421311501936,136.15355305068437,0.0636267723981279,0.01079755138007954,0.013338376325549461,0.026714404844739192,0.02377090785810765,0.07258220890440725,0.15631012884381335,0.3042840780450433,0.24958323865229204,136.09058634262124,136.21783988741748
rt_alpha_2,214.47032241748127,214.46015293225997,0.11667007435095207,0.02403289223971683,0.019622774288507117,0.046848636605574256,0.05183750126562359,0.08670900654675506,0.3744241345904129,0.3079319754789651,0.6282777672505802,214.3536523431303,214.58699249183223
rt_x0_3,79.90386049246288,79.90148731337646,0.0246280590667372,0.023943250733907462,0.027980782090480716,0.04040612517859188,0.0454522223505478,0.04528127281017191,0.05224354070121251,0.04850417466528256,0.059731382335044714,79.87923243339614,79.92848855152963
rt_y0_3,136.22366159872325,136.2309861606145,0.0306978817106829,0.009843990940282765,0.006140708681982687,0.05044436320159207,0.011819808875287663,0.13280648390477268,0.012420958596521814,0.16071876928873507,0.013702858492223413,136.19296371701256,136.25435948043395
rt_alpha_3,214.75021227069607,214.75024796291177,0.02305483611009846,0.025537480763375697,0.02514946101294413,0.035382105920007234,0.03530352128544223,0.03868866977148855,0.04108901782691987,0.05321034254424717,0.051256374766182944,214.72715743458596,214.77326710680617
rt_x0_4,80.54392576306151,80.54213795559212,0.0069972995386306,0.00031539243057920885,0.0011107994943415633,0.0009388333870390397,0.010626454743302816,0.0010281972403589634,0.030584950608101735,0.0013264539667829922,0.0378184765138343,80.53692846352288,80.55092306260013
rt_y0_4,136.3121386803549,136.31941984425953,0.0284971901791894,0.0045258584664225054,0.0012840177867587954,0.04327581290939975,0.0038222373345320193,0.12455807794819407,0.004186468623601058,0.15402189528447252,0.005402354265555687,136.2836414901757,136.3406358705341
rt_alpha_4,214.26673460546345,214.26515735364453,0.007202759319781825,0.0020061748491286835,0.0023758721423234874,0.003272443848572948,0.011775444694876569,0.003755801929429481,0.02410083820819864,0.004345103184874688,0.04046901636354505,214.25953184614366,214.27393736478325
rt_x0_5,80.65195572731807,80.6479360059974,0.0158542392930473,0.0015758875453144583,0.003864978511217032,0.0027110452969338894,0.01758963980485362,0.0030805903045347804,0.06107850415384064,0.003897739428055047,0.08823636127289092,80.63610148802502,80.66780996661112
rt_y0_5,136.41345318817372,136.42105429916728,0.0275366721090433,0.012058850362478779,0.004900662540791245,0.044462612911758015,0.008625252410695339,0.11874174547813254,0.009531934356658667,0.1431141101911635,0.012436085501036587,136.38591651606467,136.44098986028277
rt_alpha_5,214.20486220989295,214.2022414504129,0.03958045054438499,0.04054891031904617,0.040357794901154875,0.051177258916908386,0.08487589677960727,0.052849048657037656,0.0863104808670414,0.05931314896707818,0.0867805242670272,214.16528175934857,214.24444266043733
rt_x0_6,80.66993373875992,80.66727905685028,0.0100358227665868,0.0014999701298279433,0.0031319394763471564,0.002397175897897341,0.018530007652202585,0.0025976427845648686,0.040542907953010854,0.002925310321387542,0.053544692757100165,80.65989791599334,80.6799695615265
rt_y0_6,136.09757254895365,136.10472592503072,0.0276564149045213,0.00862589961460003,0.004276422105732536,0.04399134359925938,0.00698468715907552,0.11892620780585617,0.0075927530222088535,0.1479879836954865,0.008585998523557237,136.06991613404912,136.12522896385818
rt_alpha_6,214.62716679545898,214.6321656956858,0.04330909065799327,0.05864082930645509,0.05679310762172918,0.060259462213736015,0.05901282439486977,0.06100941623603262,0.0593768966903383,0.062182432348805605,0.08414913475922958,214.58385770480098,214.67047588611698
rt_x0_7,82.75968792536582,82.75111718941021,0.0335581923722475,0.00299156464380701,0.005282150424733345,0.004833778615491724,0.02355155544422871,0.005434744787635282,0.154902547792787,0.0065330727849470804,0.1706170503588993,82.72612973299357,82.79324611773808
rt_y0_7,136.79052398165993,136.79346843792928,0.0217322507955147,0.007354797638100763,0.009143544858432051,0.011540485865793926,0.013558081573279424,0.08083854931351198,0.01446001494906568,0.11408180208778163,0.015601590074737715,136.76879173086442,136.81225623245544
rt_alpha_7,212.86032310963245,212.86277607458834,0.038392945596392086,0.03904416911134945,0.03859551216925183,0.0726599785172084,0.05451088297093065,0.0820783006745387,0.06278174758216437,0.08868310419560999,0.08580236439985356,212.82193016403605,212.89871605522885
